zone_id,gid,tract,area,acres
1442,525,126100.0,5272042.0,121.028999329
1434,508,114100.0,7820341.5,179.529998779
246,784,605000.0,4247867.5,97.5179977417
1312,560,201800.0,759732480.0,17441.0585938
705,1205,512507.0,27835386.0,639.013000488
1291,552,201002.0,75353152.0,1729.86999512
875,1448,,6510720.0,149.466003418
1087,435,356002.0,112120136.0,2573.92407227
1316,561,201900.0,181741088.0,4172.20117188
26,577,11800.0,55254.734375,1.26800000668
1416,534,132200.0,301129056.0,6912.97216797
1415,535,133000.0,512183328.0,11758.1113281
1308,553,201100.0,154557200.0,3548.14501953
1309,554,201200.0,59578268.0,1367.72900391
1097,350,315000.0,40394580.0,927.331970215
1091,353,318000.0,12166516.0,279.304992676
1336,1300,150605.0,14691341.0,337.266998291
1438,519,121200.0,6999726.5,160.692001343
1399,1369,153902.0,3339934.5,76.6740036011
1398,1370,153903.0,3227514.5,74.09400177
100,626,20900.0,324950.625,7.46000003815
401,1019,504601.0,19464064.0,446.833007812
653,956,503319.0,18853400.0,432.815002441
1396,1366,153802.0,62331936.0,1430.94396973
820,197,435101.0,58774604.0,1349.27905273
810,220,437100.0,49097476.0,1127.12304688
730,288,450100.0,11463511.0,263.165985107
729,302,450721.0,29327274.0,673.262023926
404,1412,,40213376.0,923.17199707
745,305,450742.0,8008750.5,183.856002808
720,309,451202.0,46185204.0,1060.26599121
1177,326,304000.0,176128368.0,4043.35107422
1189,327,305000.0,9432770.0,216.54699707
1247,1247,252202.0,54008092.0,1239.85498047
1251,1263,252702.0,235334624.0,5402.54003906
1248,1246,252201.0,93845632.0,2154.39892578
119,644,22902.0,161618.6875,3.71000003815
1279,1272,252904.0,56045732.0,1286.63305664
1439,520,122000.0,105536.421875,2.42300009727
1447,521,123000.0,1385483.0,31.8059997559
1445,522,124100.0,5966035.5,136.960998535
21,1392,,318878.6875,7.32000017166
1446,523,124200.0,10435756.0,239.572006226
180,706,35202.0,377143.71875,8.65799999237
1341,1317,151309.0,35961196.0,825.556030273
1367,1339,152701.0,23673216.0,543.461975098
736,294,450602.0,6195004.0,142.218002319
715,306,451101.0,558066688.0,12811.4492188
99,627,21000.0,294887.6875,6.76999998093
307,835,609500.0,2047568.0,47.0060005188
301,858,611100.0,3299908.75,75.7549972534
171,687,30600.0,538420.4375,12.3599996567
212,756,602300.0,9903767.0,227.35899353
252,790,605600.0,8596607.0,197.350997925
225,765,603200.0,4458366.0,102.349998474
226,766,603300.0,8079994.5,185.490997314
1353,1325,151600.0,88035832.0,2021.02502441
1358,1326,151700.0,5441653.5,124.922996521
1389,1375,154302.0,138341504.0,3175.8840332
1381,1354,153300.0,32846182.0,754.04498291
72,597,15300.0,238085.671875,5.46600008011
77,603,15900.0,278671.625,6.39699983597
1270,1252,252309.0,34852400.0,800.101013184
1286,1271,252903.0,228538240.0,5246.51611328
661,1189,512033.0,4022312.0,92.3399963379
658,1191,512035.0,2185036.25,50.1619987488
697,1192,512100.0,79133896.0,1816.66394043
712,1200,512401.0,41182136.0,945.411987305
713,1201,512402.0,51068344.0,1172.36804199
1165,409,346201.0,16334099.0,374.979003906
556,892,500902.0,245545.53125,5.63700008392
704,1193,512200.0,264293424.0,6067.34179688
700,1194,512304.0,10930748.0,250.934997559
2,1377,,125828.75,2.88899993896
1330,1306,150902.0,2440101.25,56.016998291
1329,1307,151000.0,15634215.0,358.911987305
176,681,30201.0,369848.84375,8.49100017548
1311,556,201400.0,372813408.0,8558.61816406
1315,557,201500.0,134163640.0,3079.97290039
78,605,16100.0,369052.125,8.47200012207
1366,1335,152400.0,21112616.0,484.678985596
65,710,40200.0,552043.625,12.6730003357
1354,1338,152600.0,123115384.0,2826.34008789
1397,1368,153901.0,65855108.0,1511.82495117
115,641,22802.0,300828.84375,6.90600013733
347,1400,,134913392.0,3097.18505859
968,30,403000.0,335778.90625,7.70800018311
932,59,405800.0,516924.25,11.8669996262
1142,395,343003.0,5902636.0,135.505996704
1400,1371,154000.0,225099936.0,5167.58398438
1077,445,361000.0,15780983.0,362.282012939
885,83,408100.0,8657645.0,198.751998901
821,198,435102.0,4326728.0,99.3280029297
844,165,430100.0,106731424.0,2450.21606445
1125,359,321103.0,5225377.0,119.958000183
1176,426,355104.0,299986944.0,6886.75195312
1069,450,365001.0,12627087.0,289.877990723
416,1422,,3368754.0,77.3359985352
1454,533,132100.0,42530976.0,976.37701416
933,60,405900.0,926999.125,21.2810001373
648,963,503326.0,4301491.5,98.7490005493
642,952,503312.0,15095415.0,346.542999268
563,929,503103.0,6472674.0,148.591995239
652,964,503327.0,1487752.75,34.1539993286
417,1423,,958075.0,21.9939994812
118,643,22901.0,252715.59375,5.80200004578
5,1380,,213322.6875,4.89699983597
822,212,436402.0,4361975.5,100.137001038
1249,1248,252305.0,47873648.0,1099.0279541
1382,1349,153005.0,24733500.0,567.802978516
1375,1350,153006.0,3384436.0,77.6959991455
1246,1211,250102.0,21090530.0,484.17199707
47,594,13500.0,226342.890625,5.19600009918
969,31,403100.0,345637.0625,7.93499994278
605,995,504310.0,4601617.0,105.638999939
615,1013,504420.0,16967120.0,389.510986328
1287,1286,253300.0,444768608.0,10210.4824219
762,261,441921.0,897430.1875,20.6019992828
1164,408,346102.0,20642590.0,473.889007568
1313,559,201700.0,177433104.0,4073.30297852
48,593,13400.0,355845.1875,8.16899967194
160,668,26003.0,386296.9375,8.86800003052
618,1011,504417.0,9146487.0,209.973999023
53,724,60300.0,4449653.0,102.150001526
190,725,60400.0,6008646.0,137.940002441
208,731,600100.0,15383620.0,353.158996582
206,733,600300.0,2320176.0,53.263999939
955,157,428000.0,541219.5,12.4250001907
735,293,450601.0,50389920.0,1156.79296875
1143,394,343002.0,3438894.5,78.9459991455
1175,403,345109.0,11216373.0,257.492004395
1156,421,353001.0,13625426.0,312.79699707
1036,107,420200.0,450826.375,10.3500003815
1102,431,355303.0,64354524.0,1477.37695312
1167,401,345107.0,11031637.0,253.251998901
1161,405,345201.0,40051312.0,919.452026367
1079,443,360100.0,10259303.0,235.520996094
1035,106,420100.0,525501.625,12.0640001297
1062,467,378000.0,17448212.0,400.555999756
1404,485,101100.0,34191932.0,784.939025879
1448,531,130200.0,4116801.75,94.5090026855
1424,496,106001.0,11780390.0,270.441009521
1427,502,110100.0,6949213.5,159.531997681
1292,551,201001.0,41205636.0,945.95098877
1428,506,112200.0,4475905.5,102.752998352
1418,507,113000.0,25478026.0,584.895019531
1417,514,118200.0,72451840.0,1663.26501465
1436,515,119100.0,6612026.5,151.791000366
1452,527,127000.0,4387835.5,100.731002808
931,58,405700.0,542712.1875,12.4589996338
1205,338,309000.0,18810024.0,431.819000244
1126,358,321102.0,5417219.5,124.361999512
1132,412,348000.0,9958161.0,228.608001709
1141,388,338302.0,6574711.0,150.934997559
1154,424,354002.0,14739704.0,338.37701416
1163,407,346101.0,8121337.0,186.440002441
835,205,435800.0,1331039.875,30.5559997559
813,222,437300.0,1049834.625,24.1009998322
28,573,11200.0,178771.09375,4.10400009155
747,279,443200.0,13355953.0,306.609985352
768,284,444300.0,25174422.0,577.924987793
746,300,450701.0,269063520.0,6176.84912109
1181,320,301000.0,119500840.0,2743.36206055
1180,321,302002.0,23703562.0,544.158996582
1178,325,303200.0,38536384.0,884.67401123
1183,329,306002.0,9471128.0,217.427001953
946,33,403300.0,908365.625,20.8530006409
828,210,436300.0,1783973.875,40.9539985657
288,829,608900.0,6257348.5,143.649002075
300,878,613300.0,9545877.0,219.143005371
299,879,613400.0,44985384.0,1032.7220459
757,274,443001.0,766396.4375,17.5939998627
345,875,612900.0,1620041.75,37.1910018921
1038,109,420400.0,1009052.625,23.1650009155
982,25,402500.0,368821.25,8.46700000763
14,1385,,123610.179688,2.83800005913
587,970,503507.0,378121.53125,8.68000030518
1383,1360,153600.0,41574968.0,954.429992676
1409,491,104101.0,5941916.5,136.408004761
1453,532,131000.0,57764352.0,1326.08703613
35,569,10800.0,233947.0625,5.37099981308
629,991,504201.0,2992013.25,68.68699646
637,992,504202.0,15763863.0,361.889007568
628,994,504308.0,18519912.0,425.158996582
1037,110,420500.0,391751.40625,8.99300003052
27,574,11300.0,104269.234375,2.39400005341
1034,111,420600.0,803967.6875,18.4570007324
8,584,12500.0,206497.953125,4.74100017548
514,1068,506900.0,9365601.0,215.005004883
510,1074,507206.0,3170327.5,72.78099823
267,821,608200.0,1095220.5,25.142999649
298,877,613200.0,40048904.0,919.395996094
294,881,613502.0,24016242.0,551.336975098
293,882,613600.0,21256426.0,487.980010986
296,883,613700.0,112823048.0,2590.06103516
513,1070,507002.0,13681070.0,314.074005127
357,1148,511200.0,2097461.0,48.1510009766
355,1151,511604.0,4053599.0,93.0579986572
695,1161,511909.0,24028614.0,551.62097168
69,601,15700.0,841987.625,19.329000473
1414,489,103100.0,41732872.0,958.054992676
1030,112,421100.0,745359.75,17.111000061
698,1198,512308.0,14964194.0,343.531005859
86,602,15800.0,505949.21875,11.6149997711
73,596,15200.0,281193.75,6.45499992371
512,1157,511800.0,140707584.0,3230.2019043
994,144,424002.0,322624.59375,7.40600013733
76,604,16000.0,166050.21875,3.81200003624
1350,1322,151502.0,27178310.0,623.927978516
1352,1323,151503.0,14531757.0,333.602996826
1370,1343,152901.0,27506290.0,631.458007812
989,16,401600.0,632937.5,14.529999733
983,24,402400.0,325280.46875,7.46700000763
1368,1340,152702.0,20733574.0,475.976989746
1356,1332,152202.0,2785277.25,63.9410018921
990,15,401500.0,468179.9375,10.748000145
79,606,16200.0,275160.5625,6.31699991226
443,1027,505301.0,929665.0625,21.341999054
1005,1,400100.0,6794572.0,155.981994629
1450,528,128100.0,8966942.0,205.852996826
1451,529,128200.0,3953528.25,90.7610015869
981,26,402600.0,290692.125,6.67299985886
254,791,605700.0,7997709.0,183.602005005
304,838,609603.0,6313849.5,144.945999146
302,839,609700.0,5442220.5,124.935997009
971,29,402900.0,386396.09375,8.86999988556
342,861,611400.0,8761899.0,201.145996094
1386,1356,153403.0,8404092.0,192.930999756
80,607,16300.0,237923.9375,5.46199989319
85,608,16400.0,310920.21875,7.13800001144
511,1069,507001.0,12003907.0,275.571990967
87,609,16500.0,375412.90625,8.61800003052
495,1080,507600.0,13799981.0,316.803985596
490,1081,507701.0,2634061.25,60.4700012207
489,1082,507702.0,7868548.5,180.636993408
392,1117,509107.0,407326.53125,9.35099983215
368,1155,511701.0,9075569.0,208.345993042
696,1163,511911.0,38070044.0,873.968017578
120,645,22903.0,317431.53125,7.28700017929
656,1167,512001.0,19825150.0,455.12298584
699,1199,512309.0,8956577.0,205.615005493
706,1208,512602.0,97156392.0,2230.40405273
714,1209,512700.0,1516080384.0,34804.4179688
1212,1238,252000.0,3082598.25,70.766998291
1211,1239,252102.0,48957064.0,1123.90002441
75,595,15100.0,177250.65625,4.0689997673
148,654,23400.0,823528.5,18.9060001373
1374,1346,153001.0,2559382.5,58.7550010681
967,32,403200.0,513268.40625,11.7829999924
751,1444,,45395764.0,1042.14294434
999,2,400200.0,659175.3125,15.1330003738
998,3,400300.0,1073932.875,24.6539993286
1000,4,400400.0,695593.375,15.9689998627
1001,5,400500.0,575960.4375,13.2220001221
997,6,400600.0,315090.1875,7.23299980164
996,7,400700.0,852329.3125,19.5669994354
993,8,400800.0,726118.25,16.6690006256
992,9,400900.0,430943.8125,9.89299964905
977,10,401000.0,1165870.125,26.7649993896
976,11,401100.0,879858.625,20.1989994049
975,12,401200.0,660219.125,15.156999588
979,13,401300.0,838646.5625,19.2530002594
984,23,402300.0,420357.96875,9.64999961853
978,14,401400.0,754607.875,17.3229999542
175,682,30202.0,351426.46875,8.06799983978
988,17,401700.0,5889723.0,135.208999634
987,18,401800.0,301361.375,6.91800022125
965,19,401900.0,4427061.5,101.630996704
966,20,402000.0,1128148.75,25.8990001678
985,21,402100.0,274269.90625,6.29600000381
986,22,402200.0,273035.875,6.26800012589
980,27,402700.0,369430.53125,8.48099994659
970,28,402800.0,378970.0,8.69999980927
945,34,403400.0,1243481.25,28.545999527
972,35,403500.0,834269.9375,19.1520004272
941,36,403600.0,385166.46875,8.84200000763
942,37,403700.0,368948.78125,8.47000026703
939,38,403800.0,687975.5,15.7939996719
940,39,403900.0,506200.9375,11.6210002899
973,40,404000.0,367039.65625,8.42599964142
974,41,404100.0,801987.125,18.4109992981
935,56,405500.0,419253.03125,9.625
916,42,404200.0,2737284.5,62.8390007019
915,43,404300.0,1852341.0,42.5239982605
914,44,404400.0,4087290.5,93.8310012817
919,45,404501.0,1110655.625,25.4969997406
913,46,404502.0,3099407.5,71.1529998779
912,47,404600.0,4958116.0,113.822998047
934,55,405400.0,683013.5,15.6800003052
920,48,404700.0,1245811.0,28.6000003815
921,49,404800.0,617620.8125,14.1789999008
922,50,404900.0,1050726.0,24.1210002899
937,51,405000.0,845713.75,19.4150009155
88,610,16600.0,343516.8125,7.8860001564
1016,132,423100.0,745442.875,17.1130008698
938,52,405100.0,1235959.125,28.3740005493
943,53,405200.0,955652.625,21.938999176
944,54,405300.0,413640.5,9.49600028992
936,57,405600.0,424532.75,9.74600028992
947,61,406000.0,2165358.0,49.7099990845
926,62,406100.0,1866277.375,42.84400177
928,63,406201.0,402638.53125,9.24300003052
927,64,406202.0,392056.09375,9.0
929,65,406300.0,475994.96875,10.9270000458
930,66,406400.0,559437.875,12.843000412
924,67,406500.0,739455.0,16.9759998322
585,966,503401.0,756636.25,17.3700008392
1003,142,423902.0,336764.65625,7.73099994659
923,68,406600.0,1164153.0,26.7250003815
910,69,406700.0,1685884.375,38.702999115
904,78,407600.0,1056348.625,24.25
1020,126,422500.0,469047.59375,10.767999649
909,70,406800.0,952721.875,21.8710002899
908,71,406900.0,881973.0625,20.2469997406
906,72,407000.0,859784.625,19.7380008698
905,73,407100.0,1034615.5625,23.7520008087
894,91,408900.0,812742.1875,18.658000946
925,74,407200.0,700274.6875,16.0760002136
1039,108,420300.0,1222303.625,28.0599994659
879,105,410400.0,702057.1875,16.1170005798
896,75,407300.0,2352050.75,53.9959983826
897,76,407400.0,516028.6875,11.8459997177
898,77,407500.0,505680.71875,11.609000206
903,79,407700.0,923130.625,21.1919994354
902,80,407800.0,1198945.5,27.5240001678
907,81,407900.0,1224424.5,28.1089992523
911,82,408000.0,1872276.25,42.9819984436
901,84,408200.0,898126.4375,20.6180000305
886,85,408300.0,1520408.5,34.9039993286
889,86,408400.0,526438.8125,12.0850000381
890,87,408500.0,853256.0625,19.5879993439
900,88,408600.0,1085891.625,24.9290008545
899,89,408700.0,1137935.375,26.1229991913
895,90,408800.0,1195812.0,27.4519996643
876,92,409100.0,489479.4375,11.2370004654
1021,125,422400.0,466753.9375,10.7150001526
1027,118,421700.0,583460.5,13.3940000534
877,93,409200.0,678653.9375,15.5799999237
878,94,409300.0,1072681.875,24.625
892,95,409400.0,1264943.25,29.0389995575
1008,129,422800.0,415415.0,9.53699970245
893,96,409500.0,853756.75,19.6000003815
891,97,409600.0,752794.0,17.281999588
888,98,409700.0,802319.9375,18.4190006256
887,99,409800.0,1765517.25,40.53099823
884,100,409900.0,4751818.5,109.086997986
17,1388,,615799.1875,14.1370000839
883,101,410000.0,6987854.0,160.419006348
882,102,410100.0,804938.4375,18.4790000916
1018,130,422900.0,540562.25,12.4099998474
1022,124,422300.0,549891.875,12.6239995956
881,103,410200.0,617340.0625,14.1719999313
880,104,410300.0,573649.75,13.1689996719
1031,113,421200.0,1318558.0,30.2700004578
1033,114,421300.0,1058426.5,24.2980003357
1032,115,421400.0,465401.21875,10.6840000153
1011,136,423500.0,618238.25,14.1929998398
1029,116,421500.0,1591532.625,36.5369987488
1002,141,423901.0,375134.59375,8.61200046539
1028,117,421600.0,1452365.5,33.341999054
1026,119,421800.0,538000.375,12.3509998322
1017,131,423000.0,708909.375,16.2740001678
1025,120,421900.0,851772.6875,19.5540008545
1010,137,423601.0,519121.28125,11.9169998169
1009,138,423602.0,398799.40625,9.15499973297
1014,121,422000.0,4557519.5,104.625999451
1024,122,422100.0,548505.4375,12.5920000076
1023,123,422200.0,676002.9375,15.5190000534
1019,127,422600.0,1762937.25,40.4710006714
1007,128,422700.0,380162.28125,8.72700023651
15,1386,,115178.828125,2.64400005341
1015,133,423200.0,460479.875,10.5710000992
1013,134,423300.0,711623.3125,16.3369998932
1012,135,423400.0,738010.5,16.9419994354
1006,139,423700.0,803859.25,18.454000473
1004,140,423800.0,1054569.25,24.2099990845
995,143,424001.0,494574.0625,11.3540000916
991,145,425100.0,3154722.25,72.4219970703
918,146,426100.0,2951241.5,67.7509994507
917,147,426200.0,1417380.0,32.5390014648
949,148,427100.0,981479.0,22.531999588
117,642,22803.0,284482.875,6.53100013733
948,149,427200.0,1350872.25,31.0119991302
960,150,427300.0,2008891.25,46.1180000305
961,151,427400.0,1834381.75,42.1119995117
964,152,427500.0,6623640.0,152.057998657
962,153,427600.0,586052.25,13.454000473
963,154,427700.0,1013348.9375,23.2630004883
959,155,427800.0,842347.375,19.3379993439
956,156,427900.0,885520.9375,20.329000473
18,1389,,433781.15625,9.95800018311
950,158,428100.0,991149.0625,22.7539997101
951,159,428200.0,1413000.5,32.4379997253
952,160,428301.0,4354007.0,99.9540023804
953,161,428302.0,2195122.75,50.3930015564
954,162,428400.0,846621.75,19.436000824
957,163,428500.0,727393.75,16.6989994049
958,164,428600.0,958719.0,22.0090007782
19,1390,,507052.78125,11.6400003433
845,166,430200.0,5222461.5,119.89099884
848,173,430900.0,1102645.375,25.3129997253
104,620,20300.0,279033.5625,6.40600013733
850,167,430300.0,2606779.5,59.8429985046
851,168,430400.0,2926137.75,67.1750030518
853,169,430500.0,2708093.25,62.1689987183
867,183,432700.0,815659.625,18.7250003815
852,170,430600.0,2295696.0,52.7019996643
849,171,430700.0,1328631.875,30.5009994507
84,611,16700.0,474332.625,10.888999939
846,172,430800.0,1846656.25,42.3930015564
847,174,431000.0,922930.6875,21.1879997253
842,175,431100.0,934079.0625,21.4440002441
840,176,431200.0,2034970.75,46.716999054
20,1391,,397494.9375,9.125
868,177,432100.0,1054176.75,24.2010002136
869,178,432200.0,1015275.0625,23.3080005646
870,179,432300.0,1031284.875,23.6749992371
865,185,433000.0,1293522.0,29.6949996948
873,180,432400.0,6150480.5,141.195999146
872,181,432500.0,2176996.5,49.9770011902
871,182,432600.0,1679793.125,38.5629997253
866,184,432800.0,3466155.25,79.5719985962
827,217,436800.0,1015034.1875,23.3020000458
864,186,433101.0,1752243.375,40.2260017395
863,187,433102.0,1442407.5,33.1129989624
862,188,433200.0,3134979.0,71.96900177
861,189,433300.0,2477745.25,56.8810005188
860,190,433400.0,5356280.5,122.962997437
859,191,433500.0,1238092.5,28.4230003357
858,192,433600.0,1558496.25,35.7779998779
857,193,433700.0,1396153.5,32.0509986877
856,194,433800.0,1548559.5,35.5499992371
854,195,433900.0,822339.0,18.8780002594
855,196,434000.0,1145500.375,26.297000885
843,199,435200.0,2255428.75,51.7779998779
830,218,436900.0,1178044.0,27.0440006256
841,200,435300.0,1284877.375,29.4969997406
839,201,435400.0,1334968.25,30.6469993591
838,202,435500.0,1018744.8125,23.3869991302
837,203,435600.0,2033102.125,46.6739997864
836,204,435700.0,1306316.25,29.9890003204
834,206,435900.0,2419463.75,55.5429992676
833,207,436000.0,1284035.125,29.4769992828
832,208,436100.0,1270454.0,29.1660003662
184,699,32900.0,1163906.125,26.7199993134
831,209,436200.0,635889.125,14.5979995728
823,211,436401.0,3108270.0,71.3560028076
824,213,436500.0,1771639.375,40.6710014343
825,214,436601.0,1080479.0,24.8040008545
826,215,436602.0,898255.0625,20.6210002899
829,216,436700.0,794741.0,18.2450008392
812,219,437000.0,1611910.125,37.0040016174
811,221,437200.0,2588457.5,59.4230003357
814,223,437400.0,851311.5,19.5429992676
815,224,437500.0,632730.0625,14.5249996185
816,225,437600.0,816716.3125,18.7490005493
817,226,437700.0,871004.3125,19.9960002899
818,227,437800.0,1260337.25,28.9330005646
819,228,437900.0,641585.875,14.7290000916
804,229,438000.0,2473054.25,56.7739982605
791,241,440306.0,574822.0625,13.1960000992
805,230,438100.0,1907173.625,43.783000946
807,231,438201.0,969218.0,22.25
806,232,438202.0,6867334.0,157.651992798
808,233,438300.0,843919.75,19.3740005493
809,234,438400.0,1706974.75,39.1870002747
763,262,441922.0,1010474.25,23.1970005035
803,235,440100.0,27508364.0,631.505004883
802,236,440200.0,1136181.0,26.0830001831
766,271,442700.0,1230703.0,28.2530002594
22,1393,,354506.75,8.13799953461
797,237,440301.0,4278697.0,98.2249984741
796,238,440302.0,3591963.0,82.4599990845
793,239,440304.0,969862.25,22.2649993896
792,240,440305.0,789026.9375,18.1140003204
798,242,440307.0,1415350.75,32.4920005798
800,243,440308.0,1813863.625,41.6409988403
801,244,440309.0,3129598.75,71.8460006714
795,245,440331.0,1783397.875,40.9410018921
794,246,440332.0,2427270.75,55.7220001221
781,247,441100.0,15023697.0,344.897003174
782,248,441200.0,3234267.0,74.2490005493
783,249,441301.0,3029012.0,69.5370025635
784,250,441302.0,2225268.25,51.0849990845
787,251,441401.0,1877271.0,43.0960006714
185,698,32800.0,1250017.5,28.6959991455
799,252,441402.0,1563189.375,35.8860015869
790,253,441501.0,2565806.75,58.9029998779
788,254,441521.0,1714251.625,39.3540000916
789,255,441522.0,1206395.0,27.6949996948
786,256,441601.0,1273939.875,29.2460002899
37,567,10600.0,178687.953125,4.10200023651
785,257,441602.0,1679089.375,38.547000885
774,258,441700.0,2249400.75,51.638999939
83,614,17000.0,479746.8125,11.0129995346
776,259,441800.0,2081209.25,47.7779998779
778,260,441901.0,5307968.5,121.853996277
777,263,441923.0,1416029.125,32.5079994202
765,272,442800.0,1245134.25,28.5839996338
759,273,442900.0,2223499.5,51.0449981689
780,264,442000.0,7807960.0,179.246002197
24,576,11500.0,159421.4375,3.66000008583
779,265,442100.0,1840236.125,42.2459983826
753,277,443102.0,2306418.75,52.9480018616
756,266,442200.0,3967458.0,91.0800018311
761,267,442300.0,2403893.0,55.186000824
760,268,442400.0,1616438.5,37.108001709
764,269,442500.0,1982074.75,45.5019989014
775,270,442600.0,2525688.0,57.9819984436
758,275,443002.0,1576621.625,36.1940002441
755,276,443101.0,5261709.5,120.791999817
1129,364,325000.0,2918142.25,66.9909973145
741,296,450604.0,2137374.25,49.0670013428
23,1394,,367363.40625,8.43400001526
754,278,443103.0,15351235.0,352.415985107
731,289,450200.0,1626722.75,37.34400177
748,280,443301.0,1762022.125,40.4500007629
749,281,443302.0,1769651.25,40.6259994507
771,282,444100.0,2995735.5,68.7730026245
770,283,444200.0,2087947.25,47.9329986572
772,285,444400.0,979451.375,22.4850006104
773,286,444500.0,1980676.875,45.4700012207
767,287,444600.0,8416789.0,193.223007202
31,579,12000.0,128417.234375,2.94799995422
732,290,450300.0,3189076.0,73.2109985352
733,291,450400.0,3210332.75,73.6989974976
1131,411,347000.0,26274588.0,603.182006836
9,583,12400.0,453762.90625,10.4169998169
734,292,450500.0,12394855.0,284.54699707
737,295,450603.0,3853662.25,88.4680023193
727,318,451701.0,1196958.875,27.4780006409
1190,333,307202.0,718956.875,16.5049991608
740,297,450605.0,1783500.25,40.9440002441
29,578,11900.0,148778.984375,3.41499996185
738,298,450606.0,2077836.625,47.7010002136
739,299,450607.0,4875662.0,111.930000305
743,301,450703.0,9100444.0,208.917007446
742,303,450722.0,6837058.5,156.957000732
744,304,450741.0,2116756.5,48.59400177
1043,483,391000.0,1412238.5,32.4210014343
116,640,22801.0,578814.5,13.2880001068
725,307,451102.0,4909533.0,112.707000732
30,581,12200.0,184937.34375,4.24599981308
719,308,451201.0,3686373.75,84.6269989014
728,310,451300.0,12808991.0,294.053985596
721,311,451401.0,4565249.5,104.804000854
722,312,451402.0,2175742.25,49.9480018616
1063,465,376000.0,1219439.75,27.9939994812
716,313,451501.0,5067007.0,116.321998596
718,314,451502.0,5438230.5,124.845001221
717,315,451503.0,2736686.5,62.8260002136
108,1395,,459784.3125,10.5550003052
723,316,451601.0,3969398.0,91.125
1192,334,307204.0,1493295.5,34.28099823
1096,356,320002.0,8630165.0,198.121002197
724,317,451602.0,2986789.25,68.5670013428
395,1405,,1586559.125,36.422000885
726,319,451702.0,3803230.75,87.3099975586
1182,322,302003.0,17502002.0,401.790985107
109,1396,,657920.6875,15.1040000916
1198,343,313102.0,2044763.125,46.9410018921
1185,323,302004.0,12042017.0,276.446990967
1179,324,303100.0,39212528.0,900.195983887
1188,328,306001.0,3552311.75,81.5500030518
1194,330,307101.0,2139074.25,49.1059989929
1191,331,307102.0,1607784.875,36.9099998474
1197,332,307201.0,1495562.0,34.3330001831
1193,335,307205.0,3164144.25,72.638999939
1187,336,308001.0,3660463.5,84.0329971313
1184,337,308002.0,3948929.75,90.6549987793
1206,339,310000.0,1995999.0,45.8219985962
1203,340,311000.0,1611814.75,37.0019989014
1204,341,312000.0,1447989.75,33.2410011292
1199,342,313101.0,3580253.0,82.1910018921
1196,344,313103.0,14089370.0,323.446990967
1200,345,313202.0,20431794.0,469.04901123
1207,346,314102.0,5293427.5,121.519996643
1209,347,314103.0,7198422.5,165.253005981
45,589,13000.0,374857.25,8.60599994659
215,1398,,1057051.25,24.2670001984
1208,348,314104.0,2265564.75,52.0099983215
58,712,42700.0,420475.03125,9.65299987793
110,1397,,1115740.875,25.6140003204
1210,349,314200.0,7869828.5,180.666000366
1092,351,316000.0,1453876.5,33.3759994507
1093,352,317000.0,1596667.375,36.6539993286
1057,464,375000.0,643805.5,14.779999733
1094,354,319000.0,3107110.75,71.3290023804
1114,380,336102.0,649767.6875,14.9169998169
1095,355,320001.0,15471046.0,355.165985107
6,580,12100.0,123283.804688,2.82999992371
1124,357,321101.0,4271254.5,98.0550003052
1123,360,321200.0,2292652.75,52.6319999695
1127,361,322000.0,4340222.0,99.6380004883
1116,378,335000.0,1765775.125,40.5369987488
1128,362,323000.0,1913579.875,43.9300003052
1111,369,330000.0,2189793.0,50.2709999084
1112,368,329000.0,2515202.0,57.7410011292
1121,363,324000.0,3504658.0,80.4560012817
1130,365,326000.0,2376033.5,54.5460014343
1115,379,336101.0,673394.9375,15.4589996338
1122,366,327000.0,8181261.5,187.815994263
1113,367,328000.0,1068610.5,24.531999588
1431,501,109000.0,4771483.5,109.538002014
7,582,12300.0,184633.921875,4.2389998436
89,615,17100.0,605707.625,13.904999733
1110,370,331000.0,2881423.25,66.1480026245
1109,371,332000.0,3148120.25,72.2710037231
1099,372,333100.0,4000303.5,91.8339996338
1108,373,333200.0,2431348.0,55.8160018921
1107,374,334001.0,1294765.625,29.7240009308
1104,375,334003.0,1396724.625,32.063999176
1166,410,346202.0,15907745.0,365.191986084
1106,376,334004.0,2547257.25,58.4770011902
1105,377,334005.0,450620.6875,10.345000267
1120,381,336200.0,2013179.5,46.2159996033
36,568,10700.0,189727.8125,4.35599994659
1117,382,337100.0,2781244.75,63.8489990234
49,591,13200.0,548297.1875,12.5869998932
1118,383,337200.0,3206448.0,73.6100006104
46,590,13100.0,413203.84375,9.48600006104
1138,384,337300.0,4260058.5,97.7969970703
1119,385,338100.0,2835015.0,65.0830001831
1310,555,201300.0,4214312.0,96.7470016479
1137,386,338201.0,3699872.25,84.93699646
1140,387,338301.0,1952923.5,44.8330001831
1134,389,340001.0,2666934.5,61.2239990234
1133,390,340002.0,6521822.5,149.720001221
1149,391,341000.0,3859564.25,88.6029968262
1147,392,342000.0,5396734.5,123.891998291
1144,393,343001.0,2576919.0,59.158000946
1162,396,344000.0,1162184.0,26.6800003052
1172,397,345101.0,2158592.5,49.5540008545
1173,398,345102.0,1799477.75,41.3100013733
1174,399,345103.0,3133735.5,71.9410018921
1169,400,345105.0,3635000.75,83.4479980469
1168,402,345108.0,7227698.5,165.925003052
1171,404,345110.0,17325624.0,397.742004395
1170,406,345202.0,7188113.5,165.01600647
1160,418,352102.0,23680594.0,543.632019043
95,629,21200.0,349679.1875,8.02799987793
1150,413,349000.0,3634853.75,83.4449996948
1152,414,350000.0,9120113.0,209.369003296
1148,415,351100.0,8478709.0,194.643997192
1151,416,351200.0,8984330.0,206.251998901
1159,417,352101.0,12090165.0,277.552001953
1158,419,352201.0,6902004.0,158.447998047
216,1399,,1080549.75,24.8059997559
74,599,15500.0,338796.03125,7.77799987793
1157,420,352202.0,13935880.0,319.92401123
1153,422,353002.0,5001100.0,114.808998108
1073,454,367100.0,1762277.75,40.4560012817
1155,423,354001.0,13598535.0,312.178985596
1186,425,355101.0,7298422.5,167.548995972
1195,427,355106.0,102554736.0,2354.33300781
1098,428,355200.0,30421532.0,698.382019043
68,600,15600.0,290391.125,6.66599988937
1103,429,355301.0,9264672.0,212.68800354
1139,430,355302.0,7465194.5,171.376998901
1100,432,355304.0,10653342.0,244.567001343
1101,433,355305.0,2817807.0,64.68800354
1071,453,366002.0,1078641.125,24.7619991302
1088,434,356001.0,15846063.0,363.776000977
1072,455,367200.0,1331915.625,30.5769996643
1090,436,357000.0,11278853.0,258.927001953
348,1401,,3025276.75,69.4509963989
1089,437,358000.0,7005600.0,160.826004028
1083,438,359101.0,7207822.0,165.468994141
1082,439,359102.0,2060662.375,47.3059997559
25,575,11400.0,85913.7421875,1.97200000286
1068,451,365002.0,5134144.0,117.863998413
1067,456,368000.0,1443420.875,33.1360015869
1084,440,359202.0,9973880.0,228.968994141
1056,463,374000.0,977386.3125,22.4379997253
1086,441,359203.0,3845311.0,88.2760009766
1085,442,359204.0,2749357.75,63.1170005798
1078,444,360200.0,2229365.5,51.1790008545
1076,446,362000.0,1342319.0,30.8150005341
1074,447,363000.0,4374485.5,100.424003601
1081,448,364001.0,1725006.125,39.6010017395
1080,449,364002.0,2214571.75,50.8400001526
1070,452,366001.0,991723.75,22.7670001984
1064,462,373000.0,837765.0,19.232000351
1066,457,369001.0,1641756.0,37.6899986267
1075,458,369002.0,1507412.875,34.6049995422
1054,459,370000.0,985798.9375,22.6310005188
1055,460,371000.0,1310637.875,30.0879993439
34,570,10900.0,241816.34375,5.55100011826
32,572,11100.0,235856.734375,5.41499996185
1065,461,372000.0,1594389.875,36.6020011902
1061,466,377000.0,1288680.75,29.5839996338
1060,468,379000.0,1698130.125,38.9840011597
33,571,11000.0,238359.28125,5.47200012207
1059,469,380000.0,6080443.0,139.587997437
1058,470,381000.0,1926761.625,44.2319984436
98,628,21100.0,432289.8125,9.92399978638
71,592,13300.0,586115.5,13.4549999237
1050,471,382000.0,1964176.875,45.0909996033
1049,472,383000.0,1317476.25,30.2450008392
1053,473,384000.0,1583120.375,36.3429985046
1042,482,390200.0,591323.25,13.5749998093
1045,474,385100.0,2426175.75,55.6969985962
1052,475,385200.0,639488.5625,14.6809997559
1317,562,202000.0,6724616.5,154.37600708
1051,476,386000.0,1013175.1875,23.2590007782
1047,477,387000.0,806192.1875,18.5079994202
1048,478,388000.0,675852.1875,15.5150003433
1041,479,389100.0,651333.4375,14.9530000687
1040,480,389200.0,253900.09375,5.82899999619
1046,481,390100.0,952233.4375,21.8600006104
1044,484,392000.0,884620.6875,20.3080005646
1411,490,103200.0,4680653.0,107.45300293
1405,486,101200.0,10533104.0,241.807006836
1413,487,102100.0,9665327.0,221.884994507
409,1417,,2299631.0,52.7919998169
1412,488,102201.0,5459808.0,125.339996338
231,758,602500.0,1216631.5,27.9300003052
44,588,12900.0,550075.0,12.6280002594
1410,492,104102.0,2139843.5,49.1240005493
1408,493,104200.0,17459386.0,400.812011719
349,1402,,2873762.0,65.9720001221
1406,494,104300.0,10683155.0,245.25100708
1407,495,105000.0,9784514.0,224.621994019
1425,497,106002.0,11676509.0,268.055999756
1423,498,107000.0,19523894.0,448.207000732
1422,499,108100.0,6823825.0,156.652999878
1429,505,112100.0,2967684.75,68.1289978027
1419,509,114200.0,4553772.0,104.540000916
1421,500,108200.0,5008153.5,114.971000671
350,1403,,2146221.75,49.2700004578
1426,503,110200.0,9461447.0,217.205001831
1295,539,200300.0,4873617.5,111.883003235
1307,546,200702.0,3359336.25,77.1200027466
1430,504,111000.0,2339218.75,53.7010002136
82,613,16900.0,309535.25,7.10599994659
1420,510,115000.0,10376147.0,238.203994751
1433,511,116000.0,1440059.125,33.0589981079
1432,512,117000.0,2793415.5,64.1279983521
1435,513,118100.0,4124067.25,94.6760025024
1437,516,119200.0,3050543.0,70.03099823
1440,517,120000.0,5105582.0,117.208000183
1441,518,121100.0,3649868.25,83.7890014648
1444,524,125000.0,2568806.25,58.9720001221
1443,526,126200.0,3439519.5,78.9609985352
351,1404,,1503930.375,34.5250015259
1449,530,129000.0,1325559.5,30.4309997559
1301,536,200201.0,1329016.625,30.5100002289
141,647,23002.0,215421.03125,4.94500017166
1299,537,200202.0,1013614.25,23.2689990997
1300,538,200203.0,857532.0,19.686000824
561,935,503112.0,1143419.25,26.2490005493
1296,540,200400.0,6516060.0,149.587997437
1305,541,200501.0,1944082.0,44.6300010681
1297,542,200502.0,2578435.75,59.1930007935
1298,543,200503.0,1365892.0,31.357000351
1306,544,200600.0,5330103.0,122.361999512
1304,545,200701.0,2822957.0,64.8059997559
1303,547,200703.0,2272480.0,52.1689987183
1302,548,200801.0,6338741.0,145.516998291
1293,549,200802.0,14758619.0,338.811004639
1294,550,200900.0,5024522.5,115.347000122
1314,558,201600.0,12268998.0,281.657012939
41,563,10100.0,779714.125,17.8999996185
101,625,20800.0,350079.78125,8.03699970245
40,564,10200.0,530689.0625,12.1829996109
39,565,10300.0,272963.125,6.26599979401
38,566,10400.0,339370.46875,7.79099988937
43,585,12600.0,843148.4375,19.3560009003
51,586,12700.0,432310.9375,9.92399978638
50,587,12800.0,491495.5,11.2829999924
70,598,15400.0,735271.5,16.8799991608
81,612,16800.0,443438.5625,10.1800003052
107,616,17700.0,902826.8125,20.7259998322
42,617,17902.0,2578136.5,59.186000824
106,618,20100.0,446241.59375,10.2440004349
105,619,20200.0,325627.65625,7.47499990463
93,621,20400.0,918985.0,21.0970001221
94,622,20500.0,274580.84375,6.30399990082
103,623,20600.0,555034.125,12.7419996262
102,624,20700.0,330199.90625,7.57999992371
96,630,21300.0,303129.875,6.95900011063
97,631,21400.0,344405.1875,7.90600013733
128,632,21500.0,483475.875,11.0989999771
129,633,21600.0,600165.25,13.7779998779
130,634,21700.0,1245227.25,28.5860004425
127,635,21800.0,520930.0625,11.9589996338
111,636,22600.0,1348735.75,30.9629993439
114,637,22701.0,591405.5625,13.5769996643
112,638,22702.0,270718.71875,6.21500015259
113,639,22703.0,752721.9375,17.2800006866
139,646,23001.0,653511.0,15.0030002594
140,648,23003.0,408914.84375,9.38700008392
143,649,23101.0,215318.28125,4.94299983978
144,650,23102.0,495058.09375,11.3649997711
179,704,35100.0,930129.125,21.3530006409
181,705,35201.0,869071.25,19.9510002136
152,665,25900.0,734858.6875,16.8700008392
145,651,23103.0,996410.8125,22.8740005493
147,652,23200.0,836876.6875,19.2119998932
161,669,26004.0,331935.96875,7.61999988556
150,653,23300.0,638665.625,14.6619997025
121,655,25100.0,568610.0,13.0530004501
122,656,25200.0,648627.1875,14.8900003433
123,657,25300.0,359998.28125,8.26399993896
124,658,25401.0,380319.03125,8.73099994659
125,659,25402.0,333164.25,7.64799976349
61,717,47701.0,363449.8125,8.34399986267
90,679,30101.0,352537.40625,8.09300041199
126,660,25403.0,494413.75,11.3500003815
134,661,25500.0,1026129.6875,23.5569992065
137,662,25600.0,557011.25,12.7869997025
138,663,25700.0,1182147.875,27.1380004883
151,664,25800.0,241079.75,5.53399991989
135,666,26001.0,405000.90625,9.29800033569
136,667,26002.0,353215.59375,8.10900020599
165,670,26100.0,709589.875,16.2900009155
164,671,26200.0,742673.5625,17.0489997864
162,672,26301.0,372523.8125,8.55200004578
159,673,26302.0,727839.6875,16.7089996338
163,674,26303.0,380611.53125,8.73799991608
155,675,26401.0,330378.625,7.58400011063
153,676,26402.0,410654.6875,9.42700004578
154,677,26403.0,374836.84375,8.60499954224
156,678,26404.0,183843.546875,4.21999979019
259,794,606000.0,830989.375,19.0769996643
91,680,30102.0,1294926.25,29.7269992828
174,683,30301.0,740244.6875,16.9939994812
173,684,30302.0,593681.1875,13.6289997101
172,685,30400.0,963013.1875,22.1079998016
92,686,30500.0,1146064.25,26.3099994659
60,718,47702.0,353163.78125,8.10799980164
131,688,30700.0,1411597.625,32.40599823
170,689,30800.0,1234816.125,28.3470001221
169,690,30900.0,1848409.75,42.4339981079
132,691,31000.0,828325.3125,19.0160007477
133,692,31100.0,1135457.125,26.0669994354
166,693,31200.0,827946.4375,19.0069999695
183,707,35300.0,1149198.0,26.3819999695
182,708,35400.0,951570.0625,21.8449993134
168,694,31300.0,1100154.625,25.2560005188
562,936,503113.0,688481.4375,15.8050003052
167,695,31400.0,798404.0,18.329000473
177,696,32600.0,890858.6875,20.4510002136
178,697,32700.0,831636.8125,19.091999054
186,700,33000.0,1523290.25,34.9700012207
187,701,33100.0,871006.0,19.9960002899
188,702,33201.0,937777.9375,21.5279998779
189,703,33202.0,813873.0,18.6840000153
66,709,40100.0,425315.9375,9.76399993896
62,711,42600.0,637376.8125,14.6319999695
57,713,42800.0,583270.125,13.3900003433
67,714,45100.0,387408.84375,8.89400005341
64,715,45200.0,592671.9375,13.6059999466
63,716,47600.0,524398.0,12.0389995575
59,719,47800.0,811084.3125,18.6200008392
54,720,47901.0,1091645.625,25.061000824
55,721,47902.0,393117.5,9.02499961853
52,722,60100.0,6215482.0,142.68800354
56,723,60200.0,1105729.625,25.3840007782
158,726,60501.0,1608049.625,36.9160003662
157,727,60502.0,269795.03125,6.1939997673
553,899,501502.0,829562.5625,19.0440006256
146,728,60600.0,2921767.25,67.0749969482
142,729,60900.0,3336746.5,76.6009979248
396,1406,,1526818.0,35.0509986877
149,730,61000.0,2125958.75,48.8050003052
207,732,600200.0,1135035.375,26.0569992065
205,734,600400.0,940318.8125,21.5869998932
202,735,600500.0,1334378.0,30.6329994202
203,736,600600.0,756903.6875,17.3759994507
555,900,501600.0,1223006.5,28.0760002136
276,825,608502.0,482882.8125,11.0850000381
204,737,600700.0,836633.5625,19.2059993744
192,738,600800.0,579160.3125,13.295999527
191,739,600900.0,2070179.125,47.5250015259
196,740,601000.0,2648873.0,60.8100013733
195,741,601100.0,956585.375,21.9599990845
210,754,602100.0,491068.0625,11.2729997635
193,742,601200.0,2014440.875,46.2449989319
213,757,602400.0,2685593.25,61.6529998779
201,743,601300.0,1089706.125,25.0160007477
397,1407,,1243167.75,28.5389995575
194,744,601400.0,1576416.125,36.1899986267
197,745,601501.0,666959.0625,15.3109998703
198,746,601502.0,715205.8125,16.4190006256
200,747,601601.0,6687249.0,153.518005371
4,1379,,77864.453125,1.7879999876
218,748,601603.0,977365.75,22.4370002747
199,749,601604.0,1346938.375,30.920999527
219,750,601605.0,970313.9375,22.2749996185
217,751,601700.0,1141562.875,26.2070007324
214,752,601800.0,1822869.375,41.8470001221
209,753,602000.0,3614731.0,82.983001709
211,755,602200.0,937549.5,21.5230007172
590,978,503703.0,729542.125,16.7479991913
230,759,602600.0,1661823.625,38.1500015259
220,760,602700.0,1873560.0,43.0110015869
221,761,602800.0,1236221.875,28.3799991608
222,762,602900.0,1361261.25,31.25
232,770,603700.0,1862309.75,42.7529983521
223,763,603000.0,3572291.25,82.0090026855
233,771,603800.0,2866786.75,65.81199646
224,764,603100.0,7358986.0,168.938995361
227,767,603400.0,11460450.0,263.096008301
228,768,603500.0,938060.125,21.5349998474
234,775,604102.0,2223253.75,51.0390014648
229,769,603600.0,2208724.5,50.7050018311
455,1100,508303.0,1239735.25,28.4599990845
258,793,605900.0,789027.25,18.1140003204
236,772,603900.0,1967297.0,45.1629981995
235,773,604000.0,906638.9375,20.813999176
237,774,604101.0,1107402.75,25.422000885
279,810,607600.0,1329509.125,30.5209999084
442,1030,505304.0,997156.0,22.8920001984
425,1112,508800.0,672196.25,15.4320001602
238,776,604200.0,1739407.0,39.9309997559
239,777,604300.0,7878351.5,180.861999512
283,807,607300.0,1299930.0,29.841999054
240,778,604400.0,1999089.75,45.8930015564
241,779,604500.0,1635770.25,37.5519981384
242,780,604600.0,1338704.625,30.732000351
243,781,604700.0,1018630.75,23.3850002289
244,782,604800.0,1056028.125,24.2430000305
253,792,605800.0,1235826.875,28.3710002899
398,1408,,872410.6875,20.0279998779
245,783,604900.0,1539884.125,35.3510017395
248,785,605100.0,2490159.25,57.1660003662
247,786,605200.0,931648.125,21.3880004883
250,787,605300.0,1131666.0,25.9790000916
255,799,606500.0,1384471.625,31.783000946
249,788,605400.0,2546495.5,58.4589996338
251,789,605500.0,1120352.375,25.7199993134
433,1433,,928142.3125,21.3069992065
261,795,606100.0,2625137.5,60.2649993896
260,796,606200.0,1224416.375,28.1089992523
257,797,606300.0,1034566.0625,23.75
256,798,606400.0,928672.0,21.3190002441
420,1023,504806.0,799261.3125,18.3490009308
280,800,606600.0,1135627.875,26.0699996948
399,1409,,1287144.375,29.5489997864
269,822,608300.0,1321932.0,30.3470001221
282,801,606700.0,1995166.5,45.8030014038
278,809,607500.0,1860077.375,42.7010002136
291,802,606800.0,2936788.0,67.4189987183
292,803,606900.0,3292045.25,75.5749969482
290,804,607000.0,2356669.75,54.1020011902
285,805,607100.0,1277484.125,29.3269996643
400,1410,,1000493.6875,22.968000412
284,806,607200.0,981760.625,22.5380001068
281,808,607400.0,1073589.0,24.6459999084
262,811,607701.0,1230986.25,28.2600002289
263,812,607702.0,616201.9375,14.1459999084
264,813,607800.0,1145735.375,26.3020000458
265,814,607900.0,1651797.25,37.9199981689
270,815,608001.0,650721.4375,14.9390001297
268,820,608100.0,918837.4375,21.0939998627
338,863,611600.0,891736.6875,20.4710006714
271,816,608002.0,996572.3125,22.8780002594
277,824,608501.0,1286409.25,29.531999588
266,817,608004.0,3521523.75,80.8430023193
403,1411,,4410632.0,101.253997803
273,818,608013.0,1193818.5,27.4060001373
272,819,608023.0,1083636.875,24.8770008087
533,907,502102.0,1809247.875,41.5349998474
274,823,608400.0,1433439.5,32.9070014954
328,853,610602.0,1114639.375,25.5890007019
275,826,608600.0,1618396.25,37.1529998779
318,833,609300.0,983073.5,22.5680007935
286,827,608700.0,2365554.0,54.3059997559
289,828,608800.0,2767127.0,63.5239982605
295,880,613501.0,89513376.0,2054.9440918
439,1033,505402.0,1079320.75,24.7779998779
287,830,609000.0,1333469.625,30.6119995117
310,831,609100.0,3535426.75,81.1620025635
346,876,613000.0,4550476.0,104.464996338
309,832,609200.0,2122608.25,48.7280006409
308,834,609400.0,1175756.625,26.9920005798
306,836,609601.0,2595721.75,59.5900001526
297,884,613800.0,468200000.0,10748.3925781
394,1109,508601.0,1352486.0,31.0489997864
547,885,500100.0,1924186.125,44.1730003357
314,844,610201.0,1444005.0,33.1500015259
554,896,501300.0,739113.75,16.968000412
305,837,609602.0,1187478.375,27.2609996796
429,1429,,1569378.5,36.0279998779
326,846,610203.0,581318.375,13.345000267
303,840,609800.0,1992675.25,45.7459983826
319,841,609900.0,1217963.875,27.9610004425
317,842,610000.0,1393553.625,31.9920005798
316,843,610100.0,463473.90625,10.6400003433
551,897,501400.0,1499478.25,34.4230003357
315,845,610202.0,1720745.125,39.5029983521
532,908,502201.0,954482.875,21.9120006561
323,854,610700.0,1069801.125,24.5590000153
313,847,610302.0,28364186.0,651.151977539
312,848,610303.0,4930066.0,113.179000854
546,886,500200.0,1903544.0,43.6990013123
311,849,610304.0,3820132.25,87.6979980469
330,850,610400.0,1003255.0,23.031999588
329,851,610500.0,1142394.875,26.2259998322
327,852,610601.0,877831.1875,20.1520004272
324,855,610800.0,503738.0625,11.5640001297
325,856,610900.0,1057160.5,24.2689990997
320,857,611000.0,1300993.125,29.8670005798
321,859,611200.0,1115332.5,25.6049995422
322,860,611300.0,1670435.0,38.3479995728
343,873,612700.0,1283493.625,29.4650001526
540,889,500600.0,1330524.875,30.5450000763
552,898,501501.0,610805.6875,14.0220003128
410,1418,,2266574.5,52.033000946
548,894,501100.0,1839919.0,42.2389984131
339,862,611500.0,3985389.5,91.4919967651
331,864,611700.0,10693440.0,245.488006592
332,865,611800.0,4708146.5,108.083999634
333,866,611900.0,3330500.75,76.4580001831
334,867,612000.0,1285992.75,29.5219993591
550,895,501200.0,830118.625,19.0569992065
335,868,612100.0,1047516.5625,24.0480003357
542,887,500400.0,1018191.125,23.3740005493
520,917,502800.0,1696841.25,38.9539985657
336,869,612200.0,1345699.75,30.892999649
337,870,612400.0,1390318.125,31.9169998169
340,871,612500.0,2047844.25,47.0120010376
341,872,612600.0,1310246.25,30.079000473
344,874,612800.0,1663446.125,38.1870002747
588,969,503506.0,1008904.125,23.1609992981
568,939,503204.0,1397398.625,32.0800018311
541,888,500500.0,2147487.5,49.2999992371
558,890,500800.0,1649911.25,37.8769989014
557,891,500901.0,724993.25,16.6439990997
549,893,501000.0,809798.8125,18.5900001526
1253,1267,252706.0,4306405.5,98.861000061
560,901,501700.0,1026162.0,23.5569992065
559,902,501800.0,1542220.25,35.4049987793
537,903,501900.0,1660396.875,38.1170005798
535,904,502001.0,1338221.25,30.7210006714
536,905,502002.0,930381.6875,21.3589992523
534,906,502101.0,1922513.125,44.1349983215
444,1031,505305.0,1558575.375,35.7799987793
531,909,502202.0,1117063.5,25.6439990997
528,910,502300.0,1888493.125,43.3540000916
519,916,502702.0,3059376.5,70.2340011597
683,922,502907.0,1251031.125,28.7199993134
521,915,502701.0,1730558.0,39.7280006409
430,1430,,2234041.25,51.2869987488
527,911,502400.0,2786090.0,63.9599990845
526,912,502500.0,2501488.25,57.4259986877
624,1002,504320.0,952632.875,21.8689994812
529,913,502601.0,1459397.25,33.5029983521
530,914,502602.0,2550267.5,58.5460014343
586,968,503504.0,1112357.5,25.5359992981
522,918,502901.0,1871126.0,42.9550018311
523,919,502902.0,2605229.25,59.8079986572
524,920,502903.0,1854378.75,42.5709991455
411,1419,,1106300.5,25.3969993591
685,921,502906.0,1574132.875,36.1370010376
684,923,502908.0,2096196.25,48.1220016479
379,1126,509500.0,970053.1875,22.2689990997
686,924,502909.0,1348240.25,30.9510002136
564,932,503108.0,2347284.25,53.8860015869
687,925,502910.0,1251922.375,28.7399997711
525,926,503001.0,1740409.0,39.9539985657
681,927,503002.0,1329769.625,30.5270004272
576,943,503211.0,1081038.0,24.8169994354
589,988,504002.0,1036252.0,23.7889995575
682,928,503003.0,1961292.75,45.0250015259
622,1005,504411.0,1373445.125,31.5300006866
579,930,503105.0,1769430.875,40.6209983826
578,931,503106.0,1083613.25,24.8759994507
655,965,503328.0,15158168.0,347.984008789
580,933,503110.0,812421.625,18.6509990692
577,934,503111.0,939087.8125,21.5580005646
575,944,503212.0,1660653.5,38.1230010986
566,937,503115.0,4366530.0,100.241996765
565,938,503116.0,1242868.0,28.531999588
10,1381,,297428.96875,6.82800006866
573,940,503207.0,1374867.0,31.5629997253
571,941,503208.0,1151297.375,26.4300003052
572,942,503210.0,1529493.75,35.1119995117
574,945,503213.0,1150777.875,26.4179992676
567,946,503214.0,1796568.5,41.2439994812
569,947,503217.0,602931.625,13.8409996033
570,948,503218.0,586477.75,13.4639997482
582,949,503304.0,1430095.625,32.8300018311
583,950,503305.0,2502544.75,57.4510002136
584,951,503306.0,1715479.875,39.3819999695
431,1431,,1264916.5,29.0380001068
643,959,503322.0,1407443.375,32.3100013733
647,953,503313.0,1645064.25,37.7649993896
650,954,503315.0,1570612.25,36.0559997559
651,955,503317.0,1660064.0,38.1100006104
654,957,503320.0,9147438.0,209.996002197
435,1435,,2092870.875,48.0460014343
644,958,503321.0,1897823.0,43.5680007935
11,1382,,327650.84375,7.52199983597
645,960,503323.0,1176996.75,27.0200004578
646,961,503324.0,814305.3125,18.6940002441
421,1022,504805.0,1433116.75,32.9000015259
649,962,503325.0,1088660.0,24.9920005798
581,967,503402.0,867221.9375,19.9090003967
638,971,503508.0,994480.0625,22.8299999237
641,972,503509.0,1066882.75,24.4920005798
639,973,503510.0,992910.25,22.7940006256
640,974,503511.0,818281.6875,18.7849998474
593,975,503601.0,1355861.625,31.1259994507
592,976,503602.0,1187878.0,27.2700004578
591,977,503702.0,1445041.25,33.1739997864
595,979,503706.0,1111848.375,25.5249996185
594,980,503707.0,769931.625,17.6749992371
596,981,503708.0,1207521.75,27.7210006714
597,982,503709.0,898140.375,20.6180000305
630,983,503802.0,1648194.875,37.8370018005
631,984,503803.0,1022386.0,23.4710006714
423,1113,508900.0,936361.875,21.4960002899
599,999,504316.0,1177892.75,27.0410003662
611,1018,504507.0,1754947.375,40.2879981995
632,985,503804.0,1533363.625,35.2010002136
633,986,503900.0,1933302.625,44.3829994202
634,987,504001.0,1139645.5,26.1630001068
617,1012,504418.0,1042112.75,23.9239997864
635,989,504101.0,995729.75,22.8589992523
636,990,504102.0,1367855.5,31.4020004272
627,993,504307.0,1702272.0,39.0789985657
601,996,504311.0,2203532.75,50.5859985352
626,997,504314.0,1437880.375,33.0089988708
441,1032,505401.0,1182920.0,27.1560001373
623,998,504315.0,1616272.375,37.1049995422
432,1432,,3341369.0,76.7070007324
600,1000,504317.0,1166414.875,26.7770004272
598,1001,504319.0,2090870.875,48.0
625,1003,504321.0,1327134.375,30.466999054
621,1004,504410.0,1094214.0,25.1200008392
616,1006,504412.0,979577.125,22.4880008698
610,1007,504413.0,593293.0,13.6199998856
609,1008,504414.0,1864919.0,42.8129997253
619,1009,504415.0,1205230.75,27.6679992676
620,1010,504416.0,1143890.875,26.2600002289
614,1014,504421.0,1659746.0,38.1030006409
613,1015,504422.0,892538.75,20.4899997711
606,1016,504505.0,2019751.375,46.3670005798
612,1017,504506.0,1796281.75,41.2369995117
402,1020,504700.0,6441108.5,147.867996216
422,1021,504803.0,1381233.875,31.7089996338
413,1024,504901.0,1373745.625,31.5370006561
414,1025,505007.0,2930629.5,67.2779998779
543,1026,505203.0,1492355.0,34.2599983215
438,1028,505302.0,1423197.875,32.672000885
437,1029,505303.0,1071870.75,24.607000351
440,1034,505403.0,1371208.5,31.4790000916
436,1035,505500.0,1365170.25,31.3400001526
545,1036,505600.0,953289.625,21.8850002289
544,1037,505700.0,1582248.125,36.3230018616
466,1038,505800.0,1680903.625,38.5880012512
465,1039,505900.0,2164142.75,49.6819992065
464,1040,506000.0,1316936.625,30.2329998016
461,1041,506101.0,1495739.25,34.3370018005
463,1042,506102.0,1139263.625,26.1539993286
462,1043,506103.0,1559529.0,35.8019981384
476,1044,506202.0,2517106.25,57.7849998474
478,1045,506203.0,1074477.625,24.6669998169
477,1046,506204.0,1885858.5,43.2929992676
502,1060,506606.0,1223412.375,28.0860004425
1231,1213,250300.0,1070300.875,24.5709991455
449,1105,508503.0,1456582.25,33.438999176
471,1047,506301.0,1485820.5,34.1100006104
470,1048,506302.0,2046925.25,46.9910011292
472,1049,506304.0,1100814.375,25.2709999084
473,1050,506305.0,1102437.875,25.3080005646
467,1051,506401.0,1325876.125,30.4379997253
468,1052,506402.0,1425289.75,32.7200012207
469,1053,506501.0,854096.25,19.607000351
451,1104,508404.0,1877383.75,43.0989990234
504,1054,506502.0,3021929.25,69.3740005493
503,1055,506503.0,1679674.0,38.5600013733
475,1056,506601.0,1569589.0,36.033000946
450,1110,508602.0,1349058.5,30.9699993134
501,1057,506603.0,1307998.75,30.0279998779
667,1179,512023.0,954455.5625,21.9109992981
499,1058,506604.0,2452542.75,56.3030014038
474,1059,506605.0,1021323.5625,23.4459991455
353,1153,511606.0,503932.03125,11.5690002441
500,1061,506701.0,1596412.625,36.6489982605
505,1062,506702.0,1721141.625,39.5120010376
506,1063,506703.0,1345340.25,30.8850002289
1373,1342,152802.0,2099299.75,48.1930007935
393,1116,509106.0,977380.125,22.4379997253
518,1064,506801.0,2932704.25,67.3259963989
479,1093,508002.0,2194207.75,50.3720016479
517,1065,506802.0,2034817.5,46.7130012512
515,1066,506803.0,2279734.25,52.3349990845
458,1098,508204.0,1006254.75,23.1000003815
516,1067,506804.0,1536793.375,35.2799987793
480,1089,507904.0,1291417.5,29.6469993591
484,1092,508001.0,2262183.0,51.9329986572
485,1094,508101.0,2631498.5,60.4109992981
509,1071,507100.0,1757905.0,40.3559989929
508,1072,507203.0,1820291.125,41.7879981995
507,1073,507205.0,3445965.0,79.108001709
497,1075,507301.0,8487157.0,194.837997437
483,1090,507905.0,1463820.625,33.6049995422
352,1154,511607.0,172738.953125,3.96600008011
496,1076,507302.0,11925105.0,273.763000488
493,1077,507401.0,3271492.25,75.1029968262
498,1078,507402.0,2307914.25,52.9819984436
494,1079,507500.0,3664397.75,84.1230010986
482,1091,507906.0,1408761.0,32.3409996033
488,1083,507703.0,6646299.5,152.57800293
487,1084,507805.0,2122435.75,48.7239990234
486,1085,507806.0,1870941.0,42.9510002136
491,1086,507807.0,987420.625,22.6679992676
492,1087,507808.0,1711431.0,39.2890014648
481,1088,507903.0,1522135.0,34.9430007935
460,1095,508102.0,2711136.75,62.2389984131
459,1096,508202.0,2600175.0,59.6920013428
457,1097,508203.0,1545156.625,35.4720001221
454,1099,508301.0,1993680.75,45.7690010071
456,1101,508304.0,1295595.875,29.7430000305
453,1102,508401.0,2489874.5,57.1599998474
452,1103,508403.0,1297420.0,29.7849998474
1258,1261,252608.0,889946.1875,20.4300003052
448,1106,508504.0,1229416.875,28.2240009308
447,1107,508505.0,1158535.125,26.5960006714
445,1108,508506.0,1414040.0,32.4620018005
446,1111,508703.0,1506789.0,34.5909996033
424,1114,509000.0,1534994.0,35.2389984131
391,1115,509105.0,1580699.375,36.2879981995
377,1118,509201.0,1618769.75,37.1619987488
376,1119,509202.0,1524182.0,34.9900016785
373,1120,509302.0,1076326.75,24.7089996338
375,1121,509303.0,606388.8125,13.920999527
374,1122,509304.0,1561986.25,35.858001709
365,1123,509401.0,646863.5,14.8500003815
380,1124,509403.0,523725.59375,12.0229997635
372,1125,509404.0,1048132.25,24.0620002747
378,1127,509600.0,1001722.9375,22.9960002899
390,1128,509700.0,1079806.5,24.7889995575
362,1142,510801.0,2164113.0,49.6809997559
381,1129,509801.0,1743844.125,40.033000946
382,1130,509802.0,902413.1875,20.716999054
383,1131,509901.0,1336244.375,30.6760005951
367,1140,510600.0,2107022.5,48.3709983826
389,1132,509902.0,2302668.25,52.8619995117
434,1434,,4878000.5,111.983001709
1257,1262,252609.0,1929723.625,44.2999992371
388,1133,510001.0,3555370.0,81.6200027466
387,1134,510002.0,1873741.625,43.0149993896
386,1135,510100.0,1929718.0,44.2999992371
369,1139,510500.0,2591466.75,59.4920005798
384,1136,510200.0,2689819.25,61.75
364,1143,510802.0,940216.625,21.5839996338
370,1137,510300.0,2301175.0,52.827999115
371,1138,510400.0,1702921.5,39.09400177
1227,1214,250400.0,1151209.75,26.4279994965
358,1147,511100.0,2206493.75,50.6539993286
679,1180,512024.0,1537626.5,35.2989997864
678,1181,512025.0,1430366.25,32.8370018005
366,1141,510700.0,1417582.0,32.5429992676
363,1144,510803.0,1018660.0,23.3850002289
360,1145,510900.0,1641929.375,37.6940002441
361,1146,511000.0,2025342.125,46.4949989319
356,1149,511300.0,1976554.5,45.375
359,1150,511400.0,1544104.875,35.4480018616
354,1152,511605.0,2085300.25,47.8720016479
385,1156,511702.0,2554250.75,58.6380004883
689,1165,511913.0,1885601.125,43.2869987488
688,1158,511901.0,2851525.25,65.4619979858
692,1159,511905.0,1377796.0,31.6299991608
693,1160,511907.0,1777507.5,40.8059997559
691,1162,511910.0,2216053.5,50.8740005493
694,1164,511912.0,2407128.25,55.2599983215
666,1178,512022.0,1003239.9375,23.0310001373
675,1171,512015.0,1556736.75,35.7379989624
690,1166,511914.0,2791120.0,64.0749969482
1233,1226,251300.0,1228282.625,28.1970005035
657,1168,512002.0,2767654.5,63.5369987488
680,1169,512005.0,2400155.5,55.0999984741
674,1170,512014.0,2075614.5,47.6500015259
1241,1232,251802.0,2328409.5,53.452999115
676,1172,512016.0,2446473.75,56.1629981995
670,1173,512017.0,2335297.0,53.611000061
669,1174,512018.0,1643332.125,37.7260017395
672,1175,512019.0,1030486.25,23.656999588
671,1176,512020.0,1011743.5,23.2259998322
662,1187,512031.0,1502950.125,34.5029983521
668,1177,512021.0,1616868.875,37.1180000305
673,1182,512026.0,1976438.875,45.3730010986
677,1183,512027.0,1773712.375,40.71900177
664,1184,512028.0,1662828.625,38.1730003357
665,1185,512029.0,2103423.5,48.2879981995
663,1186,512030.0,1280880.75,29.4050006866
1219,1216,250502.0,1944171.0,44.6319999695
1264,1258,252605.0,1535553.125,35.2509994507
660,1188,512032.0,2921804.25,67.0749969482
1245,1237,251903.0,2676911.5,61.452999115
659,1190,512034.0,1055180.0,24.2240009308
703,1195,512305.0,16685022.0,383.035003662
710,1203,512505.0,2640280.75,60.6129989624
702,1196,512306.0,6331153.5,145.343002319
1224,1222,250900.0,751246.1875,17.2460002899
1225,1223,251000.0,737160.1875,16.9230003357
1226,1224,251100.0,1063286.75,24.4099998474
701,1197,512307.0,5432274.0,124.708000183
711,1202,512503.0,13474073.0,309.321990967
709,1204,512506.0,2094990.125,48.09400177
708,1206,512508.0,2428234.5,55.7449989319
1266,1253,252401.0,1407029.875,32.3009986877
707,1207,512601.0,4128176.5,94.7699966431
1230,1210,250101.0,3380360.25,77.6019973755
1229,1212,250200.0,1327880.625,30.4839992523
1228,1215,250501.0,1292740.625,29.6770000458
1337,1309,151201.0,28551268.0,655.447021484
1221,1217,250601.0,2361256.25,54.2070007324
1234,1228,251500.0,1409066.25,32.3479995728
1220,1218,250603.0,5052006.5,115.977996826
1223,1219,250701.0,2352394.25,54.0040016174
1222,1220,250702.0,1522437.25,34.9500007629
1238,1221,250800.0,42025236.0,964.767028809
1232,1225,251200.0,1147469.75,26.341999054
1242,1227,251400.0,2381546.25,54.6730003357
1235,1229,251600.0,843988.0625,19.375
538,1436,,664083.0,15.2449998856
1236,1230,251701.0,1551796.375,35.6240005493
1237,1231,251702.0,562709.8125,12.9180002213
1240,1233,251803.0,5251869.0,120.566001892
1239,1234,251804.0,2562248.25,58.8209991455
1243,1235,251901.0,3253629.25,74.6930007935
1244,1236,251902.0,2059705.0,47.2840003967
1145,1451,,2202559.25,50.563999176
1218,1240,252103.0,2434936.75,55.8979988098
1217,1241,252104.0,9905092.0,227.38999939
1259,1259,252606.0,1319036.5,30.2810001373
1216,1242,252105.0,2499621.25,57.3829994202
1215,1243,252106.0,3302413.0,75.81300354
1214,1244,252107.0,2775468.0,63.7159996033
1213,1245,252108.0,1568151.625,36.0
1267,1249,252306.0,1805236.0,41.4430007935
1268,1250,252307.0,35165908.0,807.297973633
1263,1255,252501.0,1098662.5,25.2220001221
1269,1251,252308.0,9077537.0,208.391998291
1260,1260,252607.0,841662.125,19.3220005035
406,1414,,3143893.5,72.1740036011
1254,1266,252705.0,1731659.875,39.7529983521
1250,1254,252402.0,15309191.0,351.45098877
1274,1281,253107.0,2530462.75,58.0909996033
1262,1256,252502.0,908032.8125,20.8460006714
1265,1257,252604.0,1663711.125,38.1940002441
12,1383,,215439.328125,4.94600009918
1261,1264,252703.0,1335792.5,30.6660003662
1255,1265,252704.0,1284069.125,29.4780006409
1256,1268,252707.0,3825137.0,87.81300354
13,1384,,107011.65625,2.45700001717
1252,1269,252800.0,20215874.0,464.092987061
1280,1270,252902.0,6792653.5,155.93800354
1271,1273,252907.0,18563172.0,426.152008057
1276,1274,252908.0,1084281.5,24.8920001984
1278,1275,252909.0,5627641.0,129.192993164
1277,1276,252910.0,1739771.0,39.9399986267
1272,1277,253000.0,3603924.5,82.7350006104
1342,1318,151310.0,2203304.5,50.5810012817
1282,1284,253202.0,11790351.0,270.669006348
1284,1278,253101.0,6116748.0,140.421005249
1281,1279,253105.0,2477875.5,56.8839988708
1275,1280,253106.0,1113632.875,25.5650005341
1328,1308,151100.0,120930832.0,2776.18994141
1273,1282,253108.0,8558183.0,196.468994141
1361,1329,152000.0,1264154.875,29.0209999084
1285,1283,253201.0,5040491.5,115.713996887
405,1413,,14139981.0,324.609008789
1321,1295,150304.0,3081626.0,70.7440032959
1318,1296,150500.0,102986208.0,2364.23803711
1334,1298,150602.0,1662420.25,38.1640014648
1283,1285,253203.0,1848863.75,42.4440002441
1288,1287,253401.0,10127582.0,232.496994019
1401,1372,154100.0,579312512.0,13299.1845703
1339,1310,151203.0,2443214.25,56.0880012512
1388,1359,153502.0,69593824.0,1597.65405273
1289,1288,253402.0,16754329.0,384.62600708
1290,1289,253500.0,605399936.0,13898.0712891
1324,1290,150100.0,156908032.0,3602.11303711
1323,1291,150201.0,7215576.0,165.647003174
1320,1292,150202.0,32232770.0,739.963012695
1319,1293,150302.0,15815248.0,363.067993164
1322,1294,150303.0,62596596.0,1437.02001953
1333,1297,150601.0,1221188.875,28.0349998474
1335,1299,150603.0,3556683.0,81.6500015259
1325,1301,150606.0,178644304.0,4101.10888672
1332,1302,150701.0,3618293.25,83.0650024414
1326,1303,150702.0,20416048.0,468.687988281
1327,1304,150800.0,13846080.0,317.861999512
1331,1305,150901.0,3022146.25,69.3789978027
1340,1319,151311.0,4240232.0,97.3420028687
1338,1311,151204.0,3282858.25,75.3639984131
1343,1312,151301.0,1206901.5,27.7070007324
1344,1313,151305.0,1753100.125,40.2459983826
1345,1314,151306.0,1113179.875,25.5550003052
1347,1315,151307.0,4493000.0,103.144996643
1346,1316,151308.0,2924204.5,67.1299972534
1349,1320,151401.0,12192117.0,279.891998291
1348,1321,151402.0,8598572.0,197.395996094
1351,1324,151504.0,1554760.5,35.6920013428
1359,1327,151800.0,2496877.5,57.3199996948
1360,1328,151900.0,959652.625,22.0310001373
1,1376,,82010.140625,1.88300001621
1363,1330,152100.0,2120235.5,48.6739997864
1364,1331,152201.0,1203262.875,27.6229991913
1362,1333,152203.0,1303702.5,29.9290008545
1371,1345,152904.0,2226159.5,51.1059989929
1365,1334,152300.0,3487475.75,80.0609970093
1357,1336,152501.0,1978078.875,45.4099998474
428,1428,,1723755.875,39.5719985962
1355,1337,152502.0,1853381.625,42.5480003357
1402,1373,154200.0,216319136.0,4966.00390625
1403,1374,154301.0,1028830784.0,23618.7050781
1369,1341,152801.0,5239446.5,120.28099823
1372,1344,152903.0,1694615.625,38.9029998779
1376,1347,153002.0,2217017.75,50.8959999084
1377,1348,153003.0,1732001.25,39.7610015869
407,1415,,4102011.5,94.1689987183
750,1443,,3453954.25,79.2919998169
1378,1351,153101.0,3278091.0,75.2549972534
1379,1352,153102.0,1253295.75,28.7719993591
1390,1361,153703.0,75162496.0,1725.49304199
1391,1362,153704.0,59874532.0,1374.5300293
1393,1363,153705.0,46406360.0,1065.34301758
1392,1364,153706.0,41576108.0,954.455993652
1394,1365,153801.0,37555600.0,862.15802002
1136,1450,,1618962.875,37.1660003662
1395,1367,153803.0,7110344.5,163.231002808
1380,1353,153200.0,12828424.0,294.5
3,1378,,59472.8867188,1.36500000954
16,1387,,498831.59375,11.4519996643
1384,1355,153401.0,10969751.0,251.830993652
408,1416,,2393518.0,54.9480018616
1385,1357,153404.0,8621099.0,197.912994385
1387,1358,153501.0,45650544.0,1047.99194336
412,1420,,4111660.25,94.3909988403
415,1421,,4729402.5,108.571998596
418,1424,,1086951.875,24.952999115
419,1425,,808615.25,18.5629997253
426,1426,,1311748.125,30.1140003204
427,1427,,2937690.5,67.4400024414
539,1437,,2055089.5,47.1780014038
602,1438,,1457597.5,33.4620018005
603,1439,,1614778.875,37.0699996948
1135,1449,,2648589.5,60.8030014038
604,1440,,1282195.25,29.4349994659
607,1441,,2596847.75,59.6150016785
608,1442,,3279619.25,75.2900009155
752,1445,,6412116.5,147.20199585
769,1446,,23591500.0,541.585998535
874,1447,,9820885.0,225.455993652
1146,1452,,1179567.5,27.079000473
1201,1453,,2534543.25,58.1850013733
1202,1454,,783910.625,17.9960002899
