"","SERIALNO","PUMA","PWGTP","AGEP","SEX","WAGP"
0,1544,2100,21,67,2,35000
1,1544,2100,21,63,1,28000
2,3705,2100,189,20,1,2500
3,3705,2100,197,22,1,12000
4,3705,2100,195,22,1,0
5,3705,2100,197,22,1,0
6,3705,2100,197,22,1,0
7,3705,2100,195,22,1,0
8,3705,2100,197,21,1,0
9,3705,2100,195,21,1,0
10,3705,2100,197,21,1,0
11,3960,2100,68,37,1,0
12,3960,2100,72,37,1,1500
13,9746,2100,111,18,1,950
14,11119,2100,119,29,2,95000
15,11119,2100,95,36,1,40000
16,13619,2100,106,23,1,10000
17,13619,2100,89,23,2,11000
18,15489,2100,64,78,1,0
19,15489,2100,62,77,2,0
20,15583,2100,14,71,1,0
21,15583,2100,14,72,2,0
22,16265,2100,24,32,1,48100
23,16265,2100,24,28,2,63000
24,16265,2100,23,1,1,0
25,17400,2100,95,49,1,376000
26,18713,2100,275,65,1,0
27,18713,2100,243,59,2,0
28,20200,2100,39,56,1,50000
29,20200,2100,45,57,2,0
30,21692,2100,15,75,1,0
31,21692,2100,15,68,2,40000
32,22485,2100,21,41,1,33000
33,22485,2100,21,40,2,40000
34,22485,2100,22,10,1,0
35,22485,2100,23,5,1,0
36,23510,2100,24,61,1,0
37,24920,2100,84,70,1,0
38,27600,2100,105,58,2,90000
39,27600,2100,108,61,1,0
40,27674,2100,84,48,1,60000
41,27674,2100,74,48,2,12400
42,28752,2100,105,57,1,0
43,28752,2100,126,54,2,5500
44,29858,2100,213,19,2,800
45,29917,2100,99,40,1,25000
46,30428,2100,109,53,1,50000
47,33253,2100,62,81,1,0
48,33684,2100,67,87,1,40000
49,37441,2100,47,30,1,12000
50,37441,2100,50,23,2,2000
51,37441,2100,103,2,2,0
52,37441,2100,101,0,1,0
53,39253,2100,213,37,1,11000
54,39253,2100,390,28,2,11000
55,39253,2100,201,11,1,0
56,39253,2100,200,6,1,0
57,39846,2100,110,19,2,1800
58,41528,2100,79,30,2,44000
59,41528,2100,99,2,1,0
60,41528,2100,102,26,2,32500
61,41617,2100,78,22,2,16500
62,44028,2100,82,32,2,16600
63,44048,2100,24,33,1,78000
64,44048,2100,19,32,2,100
65,44048,2100,24,7,1,0
66,44048,2100,24,6,1,0
67,44048,2100,25,2,1,0
68,44048,2100,26,0,2,0
69,44684,2100,15,73,2,0
70,44769,2100,109,59,2,150000
71,44769,2100,99,48,2,0
72,45608,2100,67,63,2,0
73,48058,2100,76,57,2,1500
74,48058,2100,79,56,1,35000
75,48058,2100,73,26,1,13500
76,49324,2100,90,94,2,0
77,50567,2100,25,59,2,0
78,50567,2100,26,62,1,27000
79,53797,2100,22,44,2,35000
80,53797,2100,22,47,1,55000
81,53797,2100,19,16,1,0
82,53878,2100,25,55,1,43000
83,53878,2100,22,55,2,53000
84,55033,2100,99,19,2,2000
85,58144,2100,82,53,1,0
86,58144,2100,95,50,2,0
87,58288,2100,79,59,2,18000
88,58605,2100,44,25,1,0
89,63186,2100,62,21,2,0
90,63186,2100,98,30,2,0
91,64678,2100,18,78,1,35000
92,64678,2100,24,52,1,80000
93,69357,2100,89,31,1,24000
94,70554,2100,23,89,1,0
95,70554,2100,23,83,2,0
96,71189,2100,74,40,2,42000
97,71189,2100,70,42,1,48000
98,71189,2100,89,8,2,0
99,71189,2100,77,5,1,0
100,71373,2100,98,88,2,0
101,71780,2100,120,64,2,0
102,71780,2100,123,63,1,61000
103,71943,2100,114,57,1,112000
104,72131,2100,110,21,1,0
105,75198,2100,23,40,1,35400
106,75198,2100,25,38,2,21100
107,75688,2100,224,69,2,0
108,76474,2100,106,57,1,162000
109,76474,2100,95,58,2,0
110,78737,2100,120,17,1,0
111,79098,2100,300,38,2,0
112,79098,2100,277,42,1,0
113,79098,2100,368,10,2,0
114,82187,2100,62,27,1,26000
115,82187,2100,74,26,2,28000
116,85413,2100,97,27,1,35000
117,85413,2100,116,25,2,30000
118,85698,2100,78,76,2,0
119,85698,2100,74,83,1,0
120,88273,2100,122,19,1,0
121,88582,2100,115,28,2,43000
122,88582,2100,114,11,1,0
123,88815,2100,45,33,1,12800
124,88815,2100,73,30,2,45000
125,88815,2100,96,1,2,0
126,88891,2100,101,48,1,65000
127,88891,2100,95,42,2,0
128,88891,2100,103,14,1,0
129,88891,2100,122,12,2,0
130,88891,2100,104,9,1,0
131,88891,2100,105,7,1,0
132,90180,2100,16,67,2,0
133,90730,2100,72,46,1,55000
134,90730,2100,63,47,2,15000
135,90730,2100,127,16,2,0
136,91412,2100,81,27,1,42000
137,91791,2100,26,63,2,0
138,91791,2100,27,62,1,105000
139,91791,2100,26,36,2,56000
140,91791,2100,33,8,2,0
141,91791,2100,28,3,1,0
142,91791,2100,32,3,2,0
143,95768,2100,60,28,1,19000
144,98721,2100,66,84,2,0
145,100774,2100,109,38,1,42000
146,100774,2100,124,28,2,35000
147,100774,2100,121,2,1,0
148,101405,2100,127,19,2,3000
149,101444,2100,139,20,2,1000
150,101912,2100,103,23,1,10000
151,101912,2100,88,22,2,10000
152,102416,2100,86,19,1,700
153,103936,2100,29,50,1,41000
154,105781,2100,27,53,1,28000
155,105896,2100,128,70,1,0
156,105896,2100,131,69,2,0
157,106598,2100,13,75,1,1600
158,106598,2100,15,68,2,0
159,110107,2100,59,39,1,1e+05
160,110107,2100,228,27,2,0
161,110107,2100,94,64,1,0
162,110107,2100,134,64,2,0
163,111366,2100,22,42,1,30000
164,111366,2100,22,43,2,24000
165,111366,2100,39,15,2,0
166,111366,2100,28,13,2,0
167,113459,2100,119,50,1,46000
168,114887,2100,95,53,2,25000
169,115416,2100,311,53,1,30000
170,117149,2100,127,18,1,0
171,118879,2100,24,63,1,0
172,122186,2100,84,50,1,76000
173,122186,2100,69,48,2,35500
174,122186,2100,70,29,1,29000
175,122836,2100,96,44,1,120000
176,122836,2100,95,40,2,41000
177,123330,2100,114,19,1,4000
178,124188,2100,37,48,1,50000
179,124188,2100,55,45,2,0
180,126490,2100,81,57,2,60000
181,126490,2100,83,59,1,70000
182,126717,2100,73,42,1,0
183,126717,2100,75,42,2,25000
184,126717,2100,136,17,2,500
185,126717,2100,95,14,2,0
186,126717,2100,80,11,1,0
187,127636,2100,127,53,2,0
188,127636,2100,58,18,2,4000
189,129622,2100,212,25,2,0
190,132164,2100,116,19,1,5000
191,132389,2100,78,28,2,35000
192,132389,2100,81,32,1,12000
193,132569,2100,173,34,2,1200
194,132569,2100,541,2,1,0
195,134449,2100,83,21,2,700
196,135155,2100,37,53,2,10000
197,135155,2100,85,54,1,0
198,135392,2100,157,22,2,250
199,135392,2100,164,22,2,0
200,135536,2100,60,24,1,15000
201,135536,2100,62,26,1,15000
202,136370,2100,64,32,2,22000
203,136370,2100,193,1,2,0
204,136370,2100,111,51,1,17300
205,138674,2100,249,45,1,50000
206,138674,2100,182,36,2,0
207,139217,2100,101,38,1,132000
208,139217,2100,101,37,2,28600
209,139217,2100,129,7,2,0
210,139217,2100,114,4,1,0
211,139676,2100,72,68,1,33600
212,139676,2100,74,68,2,0
213,140372,2100,78,35,1,7400
214,140372,2100,67,31,2,36000
215,140372,2100,95,1,2,0
216,140487,2100,132,53,2,45000
217,140487,2100,107,54,1,28000
218,141161,2100,69,24,1,60000
219,141161,2100,139,23,2,7200
220,143265,2100,139,21,2,5000
221,147723,2100,24,47,1,50000
222,149855,2100,86,27,2,75000
223,149855,2100,80,30,1,60000
224,149855,2100,80,1,1,0
225,149937,2100,98,61,1,78000
226,149937,2100,86,60,2,1200
227,151093,2100,74,71,1,31600
228,151093,2100,78,61,2,0
229,155503,2100,82,27,1,0
230,155503,2100,81,24,2,7500
231,159940,2100,245,34,2,31600
232,159940,2100,333,31,1,32000
233,164274,2100,65,68,1,30000
234,164274,2100,67,70,2,0
235,165159,2100,114,62,1,0
236,165159,2100,100,84,2,0
237,165159,2100,112,61,2,0
238,166753,2100,16,31,1,35500
239,166753,2100,12,31,2,40000
240,166753,2100,17,4,1,0
241,166753,2100,17,1,2,0
242,166943,2100,94,72,2,0
243,166991,2100,122,62,1,0
244,166991,2100,109,56,2,0
245,167362,2100,83,34,2,23000
246,167362,2100,118,3,2,0
247,168120,2100,86,24,2,8000
248,168120,2100,114,30,1,80000
249,168774,2100,92,29,1,79000
250,168774,2100,111,28,2,40000
251,168774,2100,115,3,2,0
252,168774,2100,116,0,2,0
253,172546,2100,25,56,1,70000
254,172546,2100,21,55,2,50000
255,173476,2100,20,72,2,0
256,173476,2100,19,33,2,36000
257,174886,2100,116,20,2,280
258,175653,2100,67,21,1,18000
259,177273,2100,36,23,2,5000
260,178374,2100,81,55,1,8000
261,178374,2100,119,42,2,10000
262,178374,2100,84,16,2,0
263,178374,2100,100,9,1,0
264,179281,2100,80,61,1,37000
265,179281,2100,72,56,2,28000
266,179532,2100,91,26,2,16900
267,180124,2100,87,70,1,0
268,181550,2100,95,81,2,0
269,182947,2100,105,54,2,80000
270,186240,2100,74,54,2,34300
271,186240,2100,78,46,2,23000
272,186240,2100,49,44,1,15600
273,186240,2100,77,39,2,26300
274,186759,2100,69,71,1,90000
275,186759,2100,72,70,2,0
276,188053,2100,64,22,1,8000
277,188053,2100,59,23,2,4000
278,188053,2100,108,22,1,6000
279,188053,2100,59,22,2,3000
280,193055,2100,87,94,1,0
281,193478,2100,56,24,1,14400
282,195869,2100,107,56,1,0
283,195917,2100,21,48,2,34000
284,195917,2100,19,23,2,1000
285,198680,2100,95,37,1,38900
286,198680,2100,84,15,1,0
287,198680,2100,120,11,2,0
288,198680,2100,103,7,1,0
289,198680,2100,95,38,2,9400
290,198680,2100,103,8,1,0
291,201525,2100,61,22,2,10900
292,202548,2100,13,76,1,40500
293,202548,2100,12,76,2,0
294,204766,2100,25,58,2,45600
295,204766,2100,24,61,1,0
296,205800,2100,98,19,1,2500
297,207623,2100,119,26,1,0
298,207741,2100,25,57,2,15000
299,207741,2100,26,59,1,74000
300,210329,2100,21,38,2,31000
301,210329,2100,28,12,2,0
302,210329,2100,27,9,2,0
303,210453,2100,92,82,1,0
304,210453,2100,90,75,2,0
305,214400,2100,67,22,1,0
306,218160,2100,70,70,2,0
307,219406,2100,109,59,2,0
308,220522,2100,80,22,2,5700
309,220522,2100,86,23,1,30000
310,222524,2100,98,71,2,0
311,223573,2100,102,19,1,1500
312,224670,2100,145,22,1,3000
313,227994,2100,74,46,1,80000
314,227994,2100,70,41,2,42000
315,227994,2100,75,7,1,0
316,228591,2100,97,23,1,10000
317,228591,2100,100,21,1,8000
318,229398,2100,59,21,1,5000
319,229492,2100,71,61,1,52000
320,229492,2100,63,60,2,0
321,229858,2100,171,21,1,600
322,229858,2100,159,22,1,6700
323,229858,2100,152,22,1,0
324,229858,2100,177,22,1,1600
325,229858,2100,176,21,1,3500
326,229858,2100,178,21,1,4500
327,231324,2100,196,28,1,60000
328,232615,2100,56,20,2,250
329,232615,2100,76,19,2,900
330,232615,2100,76,19,2,600
331,232615,2100,90,19,1,1600
332,235641,2100,76,49,1,204000
333,235641,2100,65,48,2,2600
334,235641,2100,62,16,1,3000
335,235641,2100,77,14,1,0
336,236508,2100,106,19,1,0
337,237222,2100,65,78,1,0
338,237222,2100,63,77,2,0
339,243907,2100,24,39,1,50000
340,243907,2100,23,42,2,13000
341,243907,2100,20,18,1,0
342,245878,2100,216,45,2,45000
343,245878,2100,228,45,1,57000
344,246763,2100,19,33,2,72000
345,246763,2100,20,37,1,41000
346,246783,2100,212,85,2,0
347,248279,2100,25,70,2,0
348,248611,2100,150,20,1,17000
349,250265,2100,90,43,1,30400
350,252369,2100,31,22,2,0
351,252369,2100,56,22,1,0
352,252369,2100,31,22,2,0
353,252369,2100,56,22,1,0
354,253525,2100,100,59,1,28600
355,255787,2100,312,37,2,0
356,255787,2100,289,37,1,60000
357,255787,2100,381,11,2,0
358,256549,2100,127,60,1,0
359,256549,2100,152,50,2,35000
360,256549,2100,100,16,1,0
361,258975,2100,19,53,2,5300
362,259689,2100,387,31,1,48000
363,259689,2100,368,4,1,0
364,259689,2100,284,33,2,23800
365,259906,2100,387,22,2,8000
366,261288,2100,40,30,2,33000
367,261288,2100,40,28,1,65000
368,261288,2100,50,1,1,0
369,261482,2100,78,49,2,52000
370,261482,2100,76,43,1,0
371,261482,2100,101,6,2,0
372,261482,2100,148,15,2,0
373,261482,2100,87,13,1,0
374,261482,2100,87,12,1,0
375,263571,2100,101,19,2,0
376,265308,2100,25,61,1,53000
377,265308,2100,30,52,2,66000
378,265409,2100,26,56,1,60000
379,265409,2100,25,55,2,6700
380,266191,2100,70,44,1,120000
381,266191,2100,70,41,2,4000
382,266191,2100,77,10,1,0
383,266191,2100,90,9,2,0
384,269968,2100,116,45,1,59000
385,269968,2100,108,44,2,10200
386,269968,2100,200,17,2,12000
387,269968,2100,117,14,1,0
388,271941,2100,86,79,2,0
389,272131,2100,85,26,1,5000
390,272131,2100,107,1,2,0
391,272131,2100,99,0,1,0
392,272131,2100,72,21,2,3000
393,274399,2100,147,56,2,0
394,275235,2100,23,62,2,890
395,275235,2100,26,62,1,57000
396,275271,2100,115,28,2,19600
397,275700,2100,78,55,1,376000
398,275795,2100,94,61,2,7000
399,277332,2100,99,48,2,4300
400,277637,2100,105,62,1,1e+05
401,277637,2100,93,61,2,27000
402,278555,2100,91,49,2,19800
403,278555,2100,100,55,1,24200
404,278555,2100,173,17,2,250
405,278862,2100,33,32,1,39000
406,280369,2100,104,77,2,0
407,291892,2100,86,24,1,20500
408,295201,2100,139,20,2,7000
409,296221,2100,135,45,2,0
410,296823,2100,85,85,2,0
411,297324,2100,331,54,1,62000
412,297324,2100,379,52,2,58000
413,297324,2100,241,20,2,33600
414,300255,2100,129,51,1,0
415,300255,2100,137,56,2,0
416,300282,2100,71,40,1,70000
417,300282,2100,69,44,2,15300
418,300282,2100,77,14,1,0
419,300282,2100,76,9,1,0
420,300282,2100,75,7,1,0
421,300338,2100,97,58,2,24000
422,300373,2100,26,36,1,90000
423,300373,2100,22,33,2,0
424,300373,2100,32,3,2,0
425,300373,2100,31,2,2,0
426,300373,2100,33,14,2,0
427,302600,2100,142,21,2,1000
428,304448,2100,129,22,1,500
429,308313,2100,24,41,2,0
430,308313,2100,24,19,2,1800
431,308313,2100,24,6,1,0
432,310922,2100,105,74,1,18000
433,313840,2100,85,68,1,0
434,313840,2100,90,66,1,0
435,314343,2100,453,56,1,25000
436,314869,2100,121,20,2,0
437,322010,2100,143,19,2,4000
438,322899,2100,97,25,1,65000
439,323467,2100,83,48,1,0
440,325153,2100,18,63,1,10800
441,325153,2100,16,59,2,3000
442,326715,2100,281,28,2,28000
443,329758,2100,18,20,2,1000
444,329758,2100,23,20,1,10500
445,329758,2100,21,17,1,5000
446,329798,2100,109,19,2,0
447,329981,2100,106,61,1,40000
448,329981,2100,97,61,2,8000
449,330457,2100,52,46,1,45500
450,330457,2100,77,43,2,0
451,330457,2100,41,17,2,0
452,331726,2100,75,62,1,0
453,331726,2100,65,48,2,39800
454,332238,2100,126,68,2,0
455,332238,2100,145,28,1,0
456,333878,2100,99,65,1,0
457,333878,2100,102,65,2,0
458,334035,2100,21,75,1,19500
459,334035,2100,23,71,2,0
460,334689,2100,102,65,1,32000
461,334689,2100,83,69,2,7300
462,334976,2100,71,69,1,52000
463,334976,2100,71,70,2,0
464,335917,2100,62,38,1,30100
465,337311,2100,88,34,2,27000
466,337311,2100,94,36,1,53000
467,337754,2100,101,62,1,40000
468,339193,2100,87,22,2,8900
469,339193,2100,52,27,1,3000
470,339896,2100,87,61,1,40000
471,339896,2100,78,57,2,60000
472,339896,2100,77,25,1,37000
473,339896,2100,69,17,1,0
474,340338,2100,108,20,1,1400
475,344364,2100,202,24,2,36000
476,344364,2100,91,24,1,15000
477,345448,2100,102,61,1,80000
478,345859,2100,103,67,1,1e+05
479,345859,2100,105,65,2,0
480,345859,2100,108,41,1,0
481,345859,2100,133,4,2,0
482,345859,2100,122,2,1,0
483,345859,2100,113,36,2,0
484,346161,2100,64,22,2,6800
485,346161,2100,76,21,1,2000
486,346501,2100,122,19,1,0
487,346501,2100,97,21,1,4000
488,346501,2100,97,20,1,1000
489,346817,2100,65,46,2,2e+05
490,347953,2100,358,49,1,33000
491,349458,2100,71,47,2,10000
492,349458,2100,82,51,1,140000
493,349458,2100,135,16,2,0
494,349458,2100,80,14,1,0
495,349459,2100,31,26,2,44000
496,349459,2100,23,24,1,28000
497,349459,2100,31,1,2,0
498,354006,2100,81,50,1,46000
499,354006,2100,70,36,2,30000
500,354006,2100,80,0,1,0
501,356089,2100,104,69,2,0
502,356089,2100,113,41,2,34000
503,356089,2100,91,24,2,16400
504,357208,2100,121,20,2,3000
505,357624,2100,127,19,1,0
506,358226,2100,107,67,1,376000
507,358226,2100,112,66,2,0
508,359313,2100,86,21,1,3000
509,363504,2100,25,57,1,80000
510,363504,2100,20,48,2,30000
511,363504,2100,23,18,2,7000
512,363504,2100,40,16,2,0
513,363504,2100,28,13,2,0
514,366385,2100,20,68,1,38200
515,366385,2100,20,67,2,0
516,366780,2100,106,18,2,700
517,367269,2100,94,38,2,53000
518,367269,2100,105,13,1,0
519,367269,2100,110,12,2,0
520,367269,2100,105,5,1,0
521,367421,2100,97,19,2,0
522,367421,2100,101,19,2,1500
523,367421,2100,101,19,2,960
524,368953,2100,80,24,2,0
525,368953,2100,90,24,1,27000
526,368953,2100,122,5,2,0
527,368953,2100,117,4,2,0
528,368953,2100,85,16,1,0
529,368975,2100,59,80,2,0
530,370069,2100,206,23,1,30000
531,370069,2100,212,47,2,70000
532,370069,2100,175,21,2,6000
533,371077,2100,87,33,2,60000
534,372047,2100,122,62,2,32000
535,372047,2100,78,65,1,12000
536,372047,2100,41,30,1,5000
537,372047,2100,87,7,2,0
538,372047,2100,87,5,2,0
539,372047,2100,74,30,2,4500
540,372289,2100,65,73,2,0
541,373251,2100,107,25,1,29400
542,373798,2100,101,55,2,42000
543,374043,2100,90,35,2,11500
544,375030,2100,65,37,1,27000
545,375030,2100,79,30,1,15000
546,375558,2100,104,19,1,0
547,376974,2100,134,18,2,0
548,378241,2100,84,54,1,95000
549,378241,2100,96,54,2,24000
550,378940,2100,127,59,2,6000
551,378940,2100,131,59,1,0
552,379775,2100,37,35,1,3200
553,379775,2100,55,36,2,0
554,379775,2100,63,6,2,0
555,384104,2100,19,85,1,0
556,384104,2100,20,80,2,3000
557,385124,2100,287,48,1,38000
558,385480,2100,110,50,1,61000
559,385480,2100,126,50,2,31200
560,385480,2100,122,9,2,0
561,385480,2100,122,6,2,0
562,386459,2100,129,18,2,0
563,387320,2100,38,42,1,8700
564,387320,2100,57,40,2,6600
565,387320,2100,64,11,2,0
566,390645,2100,23,48,1,42900
567,390645,2100,22,46,2,15400
568,390775,2100,140,18,1,2500
569,391132,2100,19,81,1,0
570,391132,2100,18,75,2,0
571,391768,2100,113,19,1,0
572,393165,2100,86,84,1,0
573,393165,2100,84,83,2,0
574,393984,2100,91,47,2,13000
575,395495,2100,960,18,2,0
576,398224,2100,23,42,1,300
577,398405,2100,86,65,1,0
578,399251,2100,102,20,1,0
579,399737,2100,44,27,1,50000
580,399737,2100,52,25,2,20000
581,399737,2100,54,3,2,0
582,401942,2100,105,60,1,28000
583,401942,2100,93,56,2,50000
584,402665,2100,291,37,1,15000
585,402665,2100,363,15,1,0
586,402665,2100,371,9,1,0
587,402665,2100,151,33,2,16000
588,403689,2100,66,29,1,13500
589,403689,2100,81,28,2,16000
590,405788,2100,270,30,2,85000
591,405788,2100,212,41,1,90000
592,405788,2100,265,0,2,0
593,408378,2100,16,62,1,0
594,408378,2100,14,61,2,0
595,408378,2100,13,33,2,9000
596,408378,2100,16,7,1,0
597,408378,2100,17,4,1,0
598,408378,2100,17,3,1,0
599,410356,2100,66,80,2,0
600,411161,2100,106,18,1,0
601,411692,2100,26,48,2,16600
602,411692,2100,48,16,2,0
603,412181,2100,103,19,1,1600
604,412516,2100,53,23,1,310
605,412516,2100,57,22,1,2700
606,412906,2100,84,81,2,150
607,416356,2100,57,32,1,35000
608,416356,2100,41,33,2,35000
609,416356,2100,54,2,1,0
610,416356,2100,54,14,1,0
611,416356,2100,60,10,2,0
612,420001,2100,319,60,1,35000
613,420001,2100,288,22,1,2600
614,421784,2100,76,37,2,36000
615,421784,2100,73,37,1,70000
616,421784,2100,81,11,1,0
617,421784,2100,94,9,2,0
618,421830,2100,60,74,1,0
619,421830,2100,64,63,2,22000
620,422427,2100,89,83,1,0
621,424864,2100,139,49,1,50000
622,424864,2100,173,52,2,63000
623,424864,2100,141,14,1,0
624,426322,2100,82,21,1,3300
625,426322,2100,85,24,1,3600
626,426322,2100,73,21,2,2500
627,426631,2100,231,59,2,52000
628,426631,2100,238,59,1,52000
629,428056,2100,102,65,2,0
630,428056,2100,91,67,1,0
631,430785,2100,74,81,1,0
632,431203,2100,26,50,1,0
633,431203,2100,20,47,2,0
634,431203,2100,24,18,2,3000
635,431574,2100,23,48,1,34000
636,431574,2100,22,41,2,28000
637,431574,2100,40,17,2,1000
638,431574,2100,25,0,1,0
639,433350,2100,81,23,2,4000
640,433350,2100,49,22,2,4000
641,434812,2100,82,22,2,4000
642,434812,2100,85,23,2,8900
643,435785,2100,88,27,2,34000
644,435785,2100,82,30,1,34000
645,436009,2100,357,37,2,20000
646,436009,2100,438,12,2,0
647,436009,2100,331,38,1,25000
648,437711,2100,104,38,2,65000
649,437711,2100,93,36,1,1e+05
650,437711,2100,107,6,1,0
651,437711,2100,120,3,2,0
652,438350,2100,404,43,1,36000
653,440521,2100,93,33,1,376000
654,440521,2100,68,33,2,0
655,440521,2100,95,4,2,0
656,440521,2100,89,2,1,0
657,442667,2100,105,28,1,20000
658,442667,2100,109,25,1,30000
659,442667,2100,194,23,1,0
660,443743,2100,22,67,1,0
661,446579,2100,108,27,1,8000
662,447334,2100,135,19,2,1400
663,448708,2100,109,94,1,0
664,448929,2100,66,22,1,9000
665,448929,2100,69,22,1,6700
666,448929,2100,67,22,1,3000
667,449262,2100,94,56,2,10000
668,449262,2100,87,90,1,0
669,449262,2100,87,87,2,0
670,449583,2100,51,24,2,17000
671,451484,2100,86,86,2,0
672,454443,2100,63,72,2,18000
673,454443,2100,60,68,1,0
674,454702,2100,84,58,2,0
675,454702,2100,85,58,1,120000
676,458055,2100,77,49,1,4000
677,458055,2100,70,55,2,38000
678,460357,2100,26,53,1,80000
679,460357,2100,30,53,2,29700
680,460797,2100,139,94,2,0
681,462252,2100,68,94,1,0
682,462252,2100,66,88,2,0
683,465588,2100,338,32,2,18000
684,465588,2100,281,35,1,2000
685,465588,2100,227,15,1,0
686,465588,2100,226,11,2,0
687,465588,2100,226,10,2,0
688,465588,2100,333,4,2,0
689,465588,2100,217,64,2,0
690,465955,2100,22,43,1,31000
691,465955,2100,12,40,1,60000
692,465957,2100,19,84,2,0
693,465997,2100,55,40,1,171000
694,465997,2100,80,36,2,47000
695,465997,2100,95,4,1,0
696,465997,2100,96,0,1,0
697,467387,2100,77,62,1,120000
698,467758,2100,212,49,2,0
699,467758,2100,208,28,1,33600
700,467758,2100,240,54,1,8000
701,469601,2100,103,31,1,60000
702,470556,2100,110,63,1,126000
703,470556,2100,104,65,2,0
704,473340,2100,115,19,2,6000
705,473521,2100,136,52,2,5600
706,473521,2100,108,54,1,39700
707,474874,2100,112,57,1,376000
708,474874,2100,101,57,2,10000
709,474874,2100,44,17,2,1000
710,477343,2100,108,31,1,10200
711,478814,2100,25,57,1,67000
712,478814,2100,20,49,2,0
713,480642,2100,83,59,1,68000
714,480642,2100,74,61,2,0
715,481146,2100,41,47,2,30000
716,481146,2100,47,51,1,30000
717,481146,2100,35,23,2,16000
718,485238,2100,200,38,2,32000
719,486071,2100,80,52,1,38000
720,489569,2100,114,34,1,86000
721,489569,2100,96,41,2,66000
722,492437,2100,64,37,1,26000
723,495705,2100,14,41,1,72000
724,495705,2100,11,37,2,0
725,495705,2100,13,13,2,0
726,495705,2100,13,2,2,0
727,495865,2100,100,28,1,44000
728,495865,2100,119,25,2,32000
729,499066,2100,119,20,1,2000
730,499112,2100,93,22,1,20000
731,500488,2100,95,72,2,18000
732,502007,2100,941,18,2,0
733,503466,2100,69,28,1,12000
734,504532,2100,77,58,1,65000
735,504532,2100,69,62,2,55000
736,506201,2100,25,59,1,60000
737,506201,2100,23,56,2,21000
738,506212,2100,91,32,2,42000
739,506212,2100,116,31,1,104000
740,506218,2100,65,88,1,0
741,506218,2100,64,87,2,0
742,506312,2100,99,29,1,49000
743,506312,2100,104,27,1,45000
744,506312,2100,103,26,1,23700
745,508793,2100,45,72,2,0
746,508793,2100,48,35,2,28000
747,508793,2100,41,33,2,36000
748,509392,2100,131,41,1,75000
749,509417,2100,202,29,1,65000
750,509720,2100,97,19,2,0
751,511705,2100,115,64,1,35000
752,511705,2100,103,64,2,0
753,512540,2100,17,24,1,0
754,513050,2100,45,50,1,1e+05
755,513050,2100,66,42,2,0
756,513050,2100,37,16,2,0
757,513050,2100,60,13,1,0
758,513353,2100,77,22,2,16000
759,517909,2100,22,29,1,23000
760,517909,2100,31,28,2,21100
761,517909,2100,29,3,1,0
762,517909,2100,29,0,1,0
763,518150,2100,15,41,1,66000
764,518150,2100,14,40,2,51000
765,518150,2100,13,15,1,0
766,518150,2100,16,14,1,0
767,519684,2100,94,69,1,10000
768,519684,2100,102,44,1,16000
769,521819,2100,79,51,1,52000
770,521819,2100,65,45,2,48000
771,521819,2100,90,12,2,0
772,521819,2100,75,9,1,0
773,523884,2100,134,54,1,376000
774,523884,2100,154,52,2,67000
775,524147,2100,65,56,2,17800
776,524147,2100,67,55,1,0
777,527571,2100,248,22,1,750
778,527571,2100,234,21,1,7500
779,528141,2100,99,63,2,0
780,528141,2100,92,86,2,0
781,528185,2100,23,66,1,8300
782,528185,2100,23,64,2,0
783,529688,2100,24,52,1,81000
784,531173,2100,91,33,2,57000
785,531173,2100,99,41,1,70000
786,531173,2100,123,3,2,0
787,531914,2100,89,18,1,6000
788,531918,2100,91,66,2,14000
789,534314,2100,85,76,2,0
790,534314,2100,94,70,2,0
791,534314,2100,88,94,2,0
792,535347,2100,20,80,1,40000
793,539889,2100,194,22,1,0
794,539889,2100,203,24,1,0
795,539889,2100,201,18,1,0
796,541241,2100,78,54,1,0
797,541241,2100,64,48,2,0
798,541859,2100,21,58,2,73000
799,541906,2100,107,51,2,62000
800,541906,2100,83,60,1,74000
801,542616,2100,74,48,2,17600
802,542616,2100,75,20,1,0
803,542616,2100,78,56,2,0
804,543741,2100,260,18,2,2000
805,544774,2100,79,37,1,34000
806,544774,2100,68,33,2,34000
807,544774,2100,87,9,1,0
808,544774,2100,86,8,1,0
809,545231,2100,78,45,1,36000
810,545231,2100,73,43,2,40000
811,545231,2100,92,14,2,0
812,550864,2100,92,27,1,28600
813,550864,2100,111,25,2,28800
814,552810,2100,121,18,1,2000
815,556031,2100,89,75,1,0
816,556031,2100,126,18,1,3800
817,556031,2100,87,16,1,0
818,559511,2100,185,20,1,10000
819,559511,2100,191,20,1,960
820,560028,2100,113,63,2,0
821,560113,2100,91,50,1,24000
822,560113,2100,36,52,2,8600
823,561136,2100,23,72,1,0
824,561136,2100,24,67,2,150
825,566090,2100,55,59,1,42000
826,566090,2100,70,44,2,42000
827,566090,2100,68,14,1,0
828,566090,2100,70,12,1,0
829,566693,2100,71,29,1,24000
830,566693,2100,85,27,2,9000
831,567073,2100,134,67,1,0
832,570021,2100,22,67,1,0
833,570021,2100,23,63,2,0
834,570173,2100,119,56,1,376000
835,570173,2100,142,52,2,58000
836,572339,2100,18,87,2,0
837,572827,2100,171,23,2,10000
838,577336,2100,47,41,2,38000
839,577336,2100,86,15,2,0
840,577336,2100,44,39,1,40400
841,579997,2100,107,19,2,1000
842,580532,2100,60,25,1,120000
843,581826,2100,61,76,2,0
844,582362,2100,75,56,2,195000
845,582711,2100,143,18,2,0
846,583916,2100,70,39,2,12500
847,585735,2100,140,21,2,3000
848,585735,2100,177,24,2,7000
849,586937,2100,118,35,1,25000
850,586937,2100,157,13,2,0
851,587606,2100,93,27,1,90000
852,588640,2100,155,18,1,0
853,588640,2100,163,21,1,600
854,589841,2100,64,66,1,1e+05
855,589841,2100,60,51,2,0
856,589841,2100,32,15,1,0
857,589841,2100,68,13,2,0
858,590942,2100,90,74,2,0
859,592707,2100,104,54,1,96000
860,592707,2100,109,52,1,0
861,593353,2100,120,19,2,3000
862,595627,2100,68,83,1,0
863,595627,2100,66,82,2,0
864,595627,2100,82,57,1,9000
865,596891,2100,83,84,2,0
866,597361,2100,110,50,2,12000
867,597361,2100,88,51,1,80000
868,597361,2100,69,16,1,0
869,597377,2100,127,32,1,140000
870,597377,2100,125,29,2,50000
871,597377,2100,131,0,2,0
872,597607,2100,130,19,2,1000
873,598021,2100,85,94,2,0
874,599322,2100,22,62,2,32000
875,600133,2100,97,67,2,0
876,600133,2100,109,14,1,0
877,602332,2100,58,24,1,23000
878,602332,2100,62,24,1,52000
879,602613,2100,84,76,2,0
880,606193,2100,98,49,1,55000
881,608029,2100,39,23,2,9500
882,609755,2100,95,73,1,0
883,609755,2100,97,66,2,6200
884,610653,2100,83,28,2,25000
885,610653,2100,80,30,1,58000
886,611803,2100,119,19,2,0
887,613142,2100,68,82,2,0
888,613142,2100,66,81,1,0
889,613510,2100,108,38,1,65000
890,613510,2100,107,38,2,25000
891,613510,2100,118,12,1,0
892,613510,2100,117,7,1,0
893,616040,2100,66,86,2,0
894,616040,2100,72,49,2,17700
895,617112,2100,92,30,1,2500
896,617121,2100,103,60,1,8700
897,617121,2100,94,58,2,5300
898,617371,2100,108,56,1,0
899,618072,2100,66,23,1,3000
900,618072,2100,67,24,1,1000
901,618072,2100,69,23,1,0
902,619609,2100,117,41,1,35000
903,619985,2100,24,52,1,21000
904,619985,2100,29,52,2,21000
905,620099,2100,36,51,2,56000
906,620099,2100,112,20,2,12000
907,620099,2100,105,17,2,260
908,620099,2100,37,51,2,48000
909,625440,2100,13,51,1,12000
910,627001,2100,111,25,2,16800
911,627001,2100,85,26,1,1200
912,628381,2100,97,82,2,0
913,630749,2100,124,54,2,35000
914,630749,2100,94,37,1,21500
915,633785,2100,113,19,1,0
916,637819,2100,103,63,1,92000
917,637819,2100,93,62,2,0
918,639450,2100,102,72,2,0
919,639450,2100,88,78,1,0
920,639450,2100,98,49,2,0
921,641016,2100,88,81,1,0
922,641016,2100,86,78,2,0
923,641292,2100,105,68,2,0
924,641388,2100,549,29,2,0
925,641388,2100,540,11,1,0
926,641388,2100,561,6,2,0
927,641388,2100,656,4,1,0
928,641388,2100,655,3,2,0
929,641671,2100,115,19,2,2500
930,642331,2100,121,19,1,1600
931,642350,2100,85,27,2,50000
932,646840,2100,26,33,1,60000
933,646840,2100,19,34,2,0
934,646840,2100,23,12,1,0
935,646840,2100,23,9,1,0
936,648900,2100,108,46,2,32000
937,648900,2100,145,9,2,0
938,648900,2100,125,11,1,0
939,649712,2100,65,79,1,4500
940,649712,2100,62,86,2,0
941,649796,2100,95,24,1,920
942,649889,2100,132,19,1,4000
943,650148,2100,109,19,2,200
944,650574,2100,101,67,1,0
945,650574,2100,108,60,2,149000
946,650869,2100,25,63,1,0
947,650869,2100,23,61,2,0
948,653472,2100,66,94,2,0
949,653472,2100,81,59,1,30000
950,654116,2100,326,33,1,44000
951,654536,2100,91,61,2,23000
952,654536,2100,93,61,1,0
953,656656,2100,77,24,1,20000
954,656656,2100,64,22,2,20000
955,658313,2100,84,87,2,0
956,661708,2100,144,19,2,3000
957,664857,2100,118,56,2,87000
958,664857,2100,127,53,1,30000
959,667444,2100,86,84,1,0
960,667444,2100,82,78,2,0
961,667500,2100,313,39,1,75000
962,667500,2100,312,42,2,25000
963,667500,2100,263,20,2,6000
964,667500,2100,338,18,2,2000
965,667500,2100,273,15,1,0
966,667892,2100,111,48,1,0
967,671222,2100,60,60,1,166000
968,672708,2100,81,57,2,11600
969,673385,2100,73,72,1,1e+05
970,673385,2100,77,74,2,0
971,673606,2100,103,56,2,56000
972,673606,2100,106,56,1,48700
973,678537,2100,63,33,2,10000
974,678537,2100,80,13,1,0
975,678537,2100,81,9,1,0
976,679063,2100,23,49,1,62000
977,679063,2100,20,48,2,62000
978,679063,2100,23,12,1,0
979,680115,2100,91,29,2,46700
980,680328,2100,87,21,2,3000
981,680328,2100,91,21,2,0
982,680328,2100,90,21,2,2000
983,680328,2100,90,21,2,0
984,681931,2100,96,48,2,50000
985,681931,2100,158,14,1,0
986,682195,2100,99,30,1,75000
987,682195,2100,99,28,2,44000
988,683887,2100,60,71,1,21000
989,683887,2100,63,60,2,20000
990,684770,2100,27,31,1,85000
991,684770,2100,29,27,2,35000
992,687879,2100,138,18,2,5000
993,688218,2100,108,20,1,2000
994,690398,2100,116,43,1,65000
995,690398,2100,115,39,2,120000
996,690398,2100,126,7,1,0
997,690398,2100,147,5,2,0
998,691902,2100,81,49,1,50000
999,691902,2100,70,48,2,0
1000,692018,2100,23,63,2,3500
1001,692018,2100,24,63,1,41900
1002,692023,2100,22,47,2,24000
1003,692023,2100,21,44,1,35000
1004,692023,2100,44,17,2,5200
1005,692023,2100,29,13,2,0
1006,694405,2100,101,39,2,22800
1007,694405,2100,110,19,2,0
1008,695270,2100,53,23,1,10400
1009,695270,2100,53,25,1,18000
1010,695787,2100,22,41,2,45000
1011,695787,2100,25,48,1,1e+05
1012,695787,2100,29,8,2,0
1013,695787,2100,27,5,2,0
1014,696093,2100,79,43,2,0
1015,696093,2100,74,43,1,62000
1016,696093,2100,82,13,1,0
1017,696093,2100,82,10,1,0
1018,696093,2100,98,8,2,0
1019,697180,2100,30,34,1,45000
1020,697180,2100,22,33,2,38600
1021,697180,2100,26,7,1,0
1022,697180,2100,30,3,2,0
1023,697227,2100,94,69,1,0
1024,697227,2100,100,59,2,0
1025,698184,2100,25,58,2,15000
1026,698184,2100,26,57,1,50000
1027,702190,2100,122,19,2,2500
1028,702452,2100,123,20,1,750
1029,703989,2100,110,36,2,70000
1030,704969,2100,143,18,2,400
1031,709877,2100,60,50,2,0
1032,709877,2100,49,53,1,40000
1033,709877,2100,48,19,2,10000
1034,709877,2100,48,9,1,0
1035,709877,2100,56,7,2,0
1036,710646,2100,74,21,1,4600
1037,710646,2100,78,21,1,0
1038,710722,2100,147,25,2,16000
1039,710722,2100,153,26,2,1700
1040,710771,2100,70,59,1,50000
1041,711485,2100,149,25,2,20000
1042,711485,2100,32,25,1,30000
1043,712406,2100,68,24,1,150
1044,712927,2100,21,39,1,40000
1045,712927,2100,23,42,2,30000
1046,712927,2100,19,15,1,0
1047,712927,2100,25,13,1,0
1048,715104,2100,105,55,1,82000
1049,715163,2100,120,27,2,40000
1050,715163,2100,92,27,1,22000
1051,718178,2100,81,52,1,79000
1052,718178,2100,92,52,2,34000
1053,718706,2100,19,32,2,34000
1054,718706,2100,25,33,1,7400
1055,718706,2100,25,3,1,0
1056,719178,2100,59,20,1,11200
1057,721344,2100,107,19,2,7500
1058,722431,2100,135,18,2,0
1059,722971,2100,97,40,1,97000
1060,722971,2100,97,37,2,6500
1061,722971,2100,118,4,2,0
1062,722971,2100,117,2,2,0
1063,723207,2100,87,53,1,2e+05
1064,723207,2100,74,62,2,0
1065,723207,2100,95,19,1,0
1066,724603,2100,135,20,1,3000
1067,725871,2100,120,40,1,50000
1068,725871,2100,131,39,2,1e+05
1069,725871,2100,180,2,2,0
1070,726614,2100,88,58,1,102000
1071,726614,2100,80,58,2,89000
1072,727599,2100,21,68,2,0
1073,728478,2100,64,28,1,25000
1074,730155,2100,60,32,2,17500
1075,730155,2100,151,11,1,0
1076,730155,2100,153,8,1,0
1077,730199,2100,31,34,1,41000
1078,730199,2100,54,34,2,0
1079,730199,2100,68,1,2,0
1080,730576,2100,110,20,1,0
1081,730736,2100,48,69,2,0
1082,730736,2100,42,71,1,38000
1083,739688,2100,44,64,2,0
1084,739688,2100,43,35,1,0
1085,742781,2100,87,84,2,0
1086,742781,2100,84,86,1,0
1087,745530,2100,328,23,1,10000
1088,745530,2100,365,21,2,2500
1089,745896,2100,121,19,2,0
1090,747548,2100,32,29,1,20000
1091,747548,2100,59,24,1,20000
1092,748286,2100,81,38,2,10000
1093,748286,2100,96,38,1,102000
1094,749463,2100,71,66,2,0
1095,749463,2100,62,66,1,7000
1096,749707,2100,131,40,2,60000
1097,749707,2100,146,22,1,6000
1098,749707,2100,155,5,2,0
1099,749943,2100,109,52,1,0
1100,749943,2100,97,29,1,0
1101,751695,2100,22,57,2,0
1102,751695,2100,23,54,1,0
1103,751695,2100,26,27,2,5800
1104,751695,2100,23,4,1,0
1105,752233,2100,107,38,1,10000
1106,753648,2100,98,44,1,0
1107,753648,2100,128,52,2,0
1108,753648,2100,93,21,1,3000
1109,753648,2100,105,18,2,0
1110,753648,2100,86,16,1,0
1111,753648,2100,124,11,2,0
1112,753787,2100,107,19,1,650
1113,755154,2100,129,21,1,10000
1114,755292,2100,23,45,1,108000
1115,755292,2100,23,43,2,18300
1116,755651,2100,35,28,1,65000
1117,755651,2100,61,33,2,45000
1118,757948,2100,82,26,2,8000
1119,760060,2100,24,53,1,45000
1120,760220,2100,81,62,2,0
1121,760220,2100,82,64,1,60000
1122,760883,2100,137,19,2,2500
1123,761488,2100,147,36,2,0
1124,761488,2100,135,48,1,12000
1125,761488,2100,152,44,2,0
1126,761488,2100,149,65,2,0
1127,763856,2100,125,21,2,3500
1128,763969,2100,94,70,1,0
1129,764228,2100,108,45,1,0
1130,764228,2100,99,38,2,0
1131,764228,2100,121,4,2,0
1132,764228,2100,121,1,2,0
1133,765911,2100,112,26,2,22000
1134,766841,2100,139,20,1,1000
1135,767176,2100,98,19,1,3600
1136,767441,2100,76,40,1,12000
1137,767441,2100,84,34,2,0
1138,767441,2100,59,15,2,0
1139,767441,2100,59,11,2,0
1140,767441,2100,87,2,2,0
1141,767843,2100,149,27,1,22000
1142,767843,2100,188,32,1,30000
1143,767927,2100,89,21,1,0
1144,770095,2100,100,50,2,40000
1145,771620,2100,23,50,2,54000
1146,771620,2100,20,52,1,0
1147,771620,2100,14,21,2,18000
1148,771958,2100,85,31,2,17000
1149,771958,2100,120,14,2,0
1150,771958,2100,105,0,1,0
1151,771958,2100,108,31,1,34000
1152,772079,2100,66,53,2,86000
1153,772079,2100,52,55,1,0
1154,774776,2100,94,44,2,0
1155,776751,2100,90,84,1,0
1156,776751,2100,88,84,2,0
1157,778671,2100,73,44,1,48800
1158,781400,2100,60,22,2,41000
1159,781400,2100,64,27,1,45000
1160,782002,2100,94,39,1,13000
1161,782002,2100,74,38,2,17000
1162,782002,2100,103,8,1,0
1163,782002,2100,114,0,2,0
1164,783011,2100,111,22,1,5000
1165,785416,2100,19,49,2,30000
1166,785416,2100,27,18,1,1100
1167,785939,2100,100,57,2,45000
1168,786395,2100,31,20,2,5000
1169,786395,2100,31,20,2,2500
1170,787028,2100,95,79,1,0
1171,788392,2100,80,51,1,36000
1172,788392,2100,63,20,1,4000
1173,788392,2100,62,20,1,0
1174,788392,2100,62,17,2,0
1175,788392,2100,62,7,2,0
1176,788392,2100,91,0,1,0
1177,788392,2100,80,40,1,8000
1178,788392,2100,80,31,1,10000
1179,788392,2100,63,27,1,10000
1180,788392,2100,88,45,2,21100
1181,789833,2100,119,18,2,2000
1182,791915,2100,130,33,1,13500
1183,792522,2100,79,50,1,220000
1184,792522,2100,63,45,2,110000
1185,792522,2100,88,18,1,1500
1186,792522,2100,60,16,1,1000
1187,795636,2100,23,76,2,0
1188,795636,2100,21,74,1,0
1189,796609,2100,68,56,2,0
1190,796609,2100,104,17,2,0
1191,796609,2100,106,15,2,0
1192,800498,2100,19,34,2,34000
1193,800498,2100,21,38,1,32000
1194,800947,2100,97,52,2,0
1195,801332,2100,22,36,1,62000
1196,801332,2100,22,37,2,0
1197,801332,2100,23,12,1,0
1198,801332,2100,23,9,1,0
1199,801332,2100,23,2,1,0
1200,802264,2100,68,31,2,23000
1201,802847,2100,72,23,2,4000
1202,802847,2100,101,26,2,19200
1203,802847,2100,77,23,1,4000
1204,804183,2100,103,39,1,376000
1205,804183,2100,102,38,2,2500
1206,804183,2100,130,13,2,0
1207,804183,2100,112,12,1,0
1208,804183,2100,112,10,1,0
1209,809212,2100,69,39,1,25000
1210,809212,2100,58,30,2,29000
1211,809212,2100,88,7,2,0
1212,809496,2100,116,19,2,0
1213,809749,2100,103,46,2,40000
1214,809749,2100,203,16,2,300
1215,811434,2100,29,57,1,70000
1216,811434,2100,35,51,2,25000
1217,811434,2100,25,20,1,25000
1218,815880,2100,123,22,1,4000
1219,816582,2100,105,66,1,12000
1220,816582,2100,101,15,1,0
1221,818389,2100,101,59,2,35000
1222,819322,2100,64,24,2,4000
1223,820590,2100,110,19,2,0
1224,822220,2100,115,19,1,3000
1225,825365,2100,23,57,2,24000
1226,825365,2100,24,58,1,0
1227,825759,2100,99,63,1,0
1228,826281,2100,100,61,2,87000
1229,826846,2100,64,40,2,13900
1230,826975,2100,17,47,2,15000
1231,826975,2100,15,43,1,50000
1232,826975,2100,19,7,2,0
1233,828140,2100,121,21,1,3000
1234,828499,2100,340,46,1,0
1235,828864,2100,92,20,2,1500
1236,831188,2100,93,52,2,0
1237,834806,2100,90,45,2,19600
1238,836812,2100,104,46,1,13000
1239,837543,2100,93,39,2,93000
1240,837543,2100,97,34,2,48000
1241,839483,2100,100,20,1,5000
1242,843499,2100,23,57,1,60000
1243,843499,2100,30,54,2,8000
1244,843499,2100,21,21,1,0
1245,846389,2100,26,49,1,9900
1246,846389,2100,32,50,2,0
1247,847347,2100,28,52,1,121000
1248,847347,2100,33,50,2,5800
1249,847347,2100,31,8,2,0
1250,847875,2100,118,63,1,61000
1251,847875,2100,141,52,2,30000
1252,847875,2100,102,25,1,26000
1253,851159,2100,156,28,1,35000
1254,851159,2100,205,10,2,0
1255,851159,2100,176,6,1,0
1256,851159,2100,196,4,2,0
1257,851159,2100,187,29,2,0
1258,853111,2100,114,27,2,500
1259,853111,2100,88,27,1,25000
1260,855669,2100,294,53,2,48000
1261,857317,2100,67,34,2,37000
1262,857317,2100,71,35,1,28000
1263,857317,2100,94,9,2,0
1264,857317,2100,81,5,1,0
1265,857317,2100,89,3,2,0
1266,858866,2100,23,67,2,3100
1267,858866,2100,22,68,1,7000
1268,859745,2100,456,29,1,23000
1269,860256,2100,117,19,2,3000
1270,862280,2100,51,22,2,0
1271,862578,2100,103,42,2,17000
1272,862578,2100,113,10,1,0
1273,862578,2100,132,5,2,0
1274,863177,2100,104,19,1,2000
1275,867714,2100,138,29,2,0
1276,867714,2100,129,30,1,43000
1277,867714,2100,138,1,2,0
1278,869972,2100,123,52,1,41000
1279,869972,2100,100,48,2,0
1280,869972,2100,95,16,1,2400
1281,869972,2100,118,12,1,0
1282,870000,2100,133,18,2,4800
1283,870141,2100,19,83,1,0
1284,870141,2100,20,85,2,0
1285,870156,2100,100,72,1,0
1286,870156,2100,102,71,2,0
1287,871165,2100,129,19,1,1600
1288,871808,2100,24,54,2,0
1289,871808,2100,15,32,2,4300
1290,871808,2100,19,8,1,0
1291,875513,2100,24,36,1,43700
1292,875513,2100,30,0,2,0
1293,875513,2100,29,29,2,6000
1294,875513,2100,31,10,2,0
1295,875513,2100,31,7,2,0
1296,877314,2100,25,42,2,38000
1297,877314,2100,24,47,1,55000
1298,877314,2100,26,10,1,0
1299,877314,2100,26,4,1,0
1300,879741,2100,111,59,1,23000
1301,879741,2100,99,57,2,21000
1302,879916,2100,89,26,1,0
1303,879916,2100,92,26,1,11400
1304,881284,2100,28,47,1,60000
1305,881284,2100,24,45,2,5000
1306,881284,2100,27,14,1,0
1307,881284,2100,32,14,2,0
1308,881284,2100,33,9,2,0
1309,881284,2100,28,9,1,0
1310,881642,2100,65,27,1,30000
1311,888118,2100,87,30,2,23000
1312,889432,2100,89,28,1,60000
1313,889432,2100,106,26,2,28000
1314,890343,2100,280,29,1,24000
1315,890343,2100,462,28,2,3200
1316,890353,2100,44,68,2,0
1317,890805,2100,15,62,2,30000
1318,893111,2100,92,27,1,32000
1319,893111,2100,109,29,2,0
1320,893111,2100,107,1,1,0
1321,898687,2100,70,40,1,1e+05
1322,898687,2100,71,40,2,60000
1323,905658,2100,87,33,2,34000
1324,907234,2100,144,18,2,2000
1325,907462,2100,95,49,2,0
1326,907462,2100,104,56,1,55000
1327,907642,2100,45,49,1,49600
1328,907642,2100,35,50,2,11200
1329,907642,2100,39,23,1,7900
1330,907642,2100,39,20,1,7400
1331,911536,2100,68,78,2,0
1332,913938,2100,121,19,2,0
1333,914353,2100,78,48,1,113000
1334,914353,2100,70,47,2,69000
1335,914353,2100,138,17,2,0
1336,914353,2100,81,14,1,0
1337,914872,2100,74,36,1,0
1338,914872,2100,117,25,2,31900
1339,915723,2100,25,62,1,0
1340,915723,2100,22,58,2,3000
1341,917323,2100,20,28,1,28600
1342,919931,2100,242,39,2,0
1343,919931,2100,264,9,1,0
1344,921015,2100,49,34,1,60000
1345,921015,2100,42,35,2,33500
1346,921015,2100,51,3,2,0
1347,921015,2100,44,38,2,14600
1348,921015,2100,50,30,1,23700
1349,921015,2100,79,17,2,0
1350,921015,2100,54,9,2,0
1351,924342,2100,23,22,1,20000
1352,924342,2100,26,1,1,0
1353,924342,2100,19,22,2,3000
1354,924586,2100,82,23,2,19000
1355,924724,2100,69,39,2,32000
1356,926248,2100,64,69,1,12700
1357,926248,2100,65,66,2,0
1358,929206,2100,36,44,2,0
1359,929206,2100,40,8,1,0
1360,930370,2100,86,69,2,0
1361,931848,2100,114,54,1,10000
1362,933111,2100,223,22,1,0
1363,933111,2100,233,22,1,2200
1364,933949,2100,77,67,1,21000
1365,934802,2100,200,41,1,42000
1366,937393,2100,37,41,1,15000
1367,937393,2100,65,10,2,0
1368,938667,2100,25,53,1,45000
1369,938667,2100,31,52,2,15000
1370,940348,2100,33,23,2,16700
1371,940404,2100,174,37,1,38000
1372,940404,2100,236,31,2,33000
1373,940404,2100,232,8,1,0
1374,940404,2100,293,7,2,0
1375,940404,2100,233,5,1,0
1376,940404,2100,276,56,1,7500
1377,940404,2100,267,54,2,7500
1378,941202,2100,102,55,1,8000
1379,941964,2100,32,79,1,0
1380,945714,2100,100,44,1,124000
1381,945714,2100,95,45,2,620
1382,945714,2100,96,21,1,1400
1383,947358,2100,82,20,1,300
1384,947923,2100,117,49,1,32000
1385,947923,2100,102,49,2,35500
1386,947923,2100,104,20,1,17000
1387,947953,2100,90,73,1,0
1388,947953,2100,92,70,2,0
1389,948365,2100,66,77,1,1500
1390,948365,2100,71,74,2,2400
1391,949895,2100,115,20,2,700
1392,950531,2100,25,56,2,19700
1393,950531,2100,26,57,1,78000
1394,951281,2100,277,32,2,10000
1395,951281,2100,351,34,1,55000
1396,951281,2100,338,7,1,0
1397,951281,2100,394,5,2,0
1398,951377,2100,87,31,2,82000
1399,951377,2100,109,5,1,0
1400,951377,2100,122,2,2,0
1401,954799,2100,205,29,2,16500
1402,954985,2100,117,27,2,13000
1403,954985,2100,92,32,2,15600
1404,955822,2100,19,32,1,21000
1405,956410,2100,13,36,1,9000
1406,956410,2100,16,30,1,4000
1407,961747,2100,93,61,2,0
1408,963232,2100,84,35,1,2600
1409,963808,2100,162,40,2,22200
1410,963808,2100,224,1,2,0
1411,963926,2100,73,42,2,42500
1412,963926,2100,93,10,2,0
1413,965625,2100,63,84,1,5000
1414,967356,2100,263,75,2,0
1415,967356,2100,256,74,1,0
1416,967751,2100,110,54,1,75000
1417,967751,2100,95,55,2,7300
1418,967751,2100,80,23,2,44300
1419,968317,2100,85,49,1,33800
1420,972488,2100,282,21,2,4300
1421,975606,2100,110,22,2,3000
1422,977246,2100,16,50,1,85000
1423,978245,2100,202,42,1,105000
1424,978245,2100,224,41,2,0
1425,978245,2100,189,10,1,0
1426,978245,2100,190,8,1,0
1427,979552,2100,78,31,1,20900
1428,981082,2100,21,40,1,43000
1429,981082,2100,20,49,2,17300
1430,981082,2100,27,8,2,0
1431,981309,2100,26,52,1,44000
1432,981309,2100,20,49,2,55000
1433,981309,2100,22,74,2,0
1434,981588,2100,85,61,1,45000
1435,981588,2100,78,60,2,2000
1436,983393,2100,26,27,2,0
1437,983393,2100,21,27,1,31600
1438,983393,2100,23,2,1,0
1439,983393,2100,25,1,1,0
1440,984534,2100,102,19,1,2100
1441,984963,2100,26,57,1,33000
1442,984963,2100,23,57,2,27000
1443,984963,2100,21,80,2,0
1444,987338,2100,58,20,2,200
1445,988100,2100,23,77,2,0
1446,988661,2100,202,21,1,0
1447,989795,2100,20,80,1,0
1448,990445,2100,70,39,1,30000
1449,990445,2100,70,39,2,85000
1450,990445,2100,80,3,1,0
1451,990445,2100,77,1,1,0
1452,991120,2100,106,20,1,6000
1453,991242,2100,125,26,2,50000
1454,991242,2100,130,28,2,45000
1455,992486,2100,330,60,1,0
1456,992486,2100,293,57,2,35000
1457,992525,2100,91,24,1,33600
1458,992525,2100,109,27,2,0
1459,992525,2100,106,4,1,0
1460,995896,2100,107,19,1,1500
1461,998981,2100,138,20,1,0
1462,999998,2100,64,44,2,15000
1463,999998,2100,82,10,2,0
1464,1001514,2100,91,23,2,20000
1465,1001514,2100,102,25,1,12000
1466,1002612,2100,284,33,2,15000
1467,1002612,2100,390,38,1,10000
1468,1005756,2100,279,19,1,1000
1469,1005756,2100,219,21,1,3000
1470,1005756,2100,220,20,1,0
1471,1005986,2100,67,68,1,0
1472,1005986,2100,72,62,2,0
1473,1006267,2100,65,66,1,9100
1474,1009120,2100,103,48,1,90000
1475,1009120,2100,90,49,2,0
1476,1009120,2100,83,17,1,1000
1477,1009163,2100,57,34,2,10000
1478,1009163,2100,74,34,1,30000
1479,1009163,2100,69,11,1,0
1480,1012432,2100,15,79,1,0
1481,1012432,2100,17,78,2,0
1482,1012851,2100,96,39,1,45000
1483,1012851,2100,82,33,2,0
1484,1013748,2100,216,31,1,13000
1485,1013886,2100,91,26,1,45000
1486,1018350,2100,791,18,2,1100
1487,1018642,2100,107,19,1,0
1488,1019374,2100,116,18,1,10000
1489,1019499,2100,18,29,2,35500
1490,1019499,2100,17,32,1,30000
1491,1019499,2100,16,8,1,0
1492,1019499,2100,17,4,2,0
1493,1020282,2100,91,47,2,24000
1494,1020282,2100,106,6,2,0
1495,1022078,2100,83,77,1,0
1496,1022078,2100,80,75,2,0
1497,1022212,2100,97,56,2,52000
1498,1026344,2100,94,58,2,0
1499,1026344,2100,71,60,1,0
1500,1026509,2100,135,23,2,0
1501,1033400,2100,67,21,1,0
1502,1033400,2100,70,22,1,0
1503,1035422,2100,24,57,1,24000
1504,1035422,2100,20,45,2,9000
1505,1035422,2100,20,28,1,7000
1506,1035422,2100,21,28,1,0
1507,1035422,2100,23,6,1,0
1508,1036937,2100,118,20,2,1500
1509,1037635,2100,22,42,2,1e+05
1510,1037635,2100,21,39,1,31700
1511,1037635,2100,26,6,2,0
1512,1037635,2100,28,14,2,0
1513,1039565,2100,91,74,2,0
1514,1041713,2100,71,48,1,79000
1515,1041713,2100,62,49,2,38000
1516,1041713,2100,71,19,2,2000
1517,1042131,2100,313,84,2,0
1518,1043611,2100,81,20,1,21900
1519,1043611,2100,89,18,2,7000
1520,1043611,2100,83,48,2,27000
1521,1046828,2100,135,28,2,19900
1522,1046828,2100,131,9,1,0
1523,1047037,2100,105,55,1,1e+05
1524,1047037,2100,93,55,2,60000
1525,1047037,2100,80,20,2,0
1526,1047136,2100,129,19,1,650
1527,1047784,2100,78,84,1,0
1528,1047784,2100,75,77,2,0
1529,1047816,2100,303,26,1,22000
1530,1048210,2100,107,88,1,50000
1531,1048210,2100,102,80,2,0
1532,1049630,2100,798,21,2,750
1533,1049947,2100,84,32,2,37000
1534,1049947,2100,110,4,1,0
1535,1050716,2100,26,31,1,15000
1536,1050716,2100,19,31,2,55000
1537,1051118,2100,22,73,2,0
1538,1052649,2100,27,60,1,21000
1539,1052649,2100,24,58,2,0
1540,1052649,2100,24,37,1,30000
1541,1052649,2100,30,1,2,0
1542,1052649,2100,22,32,2,0
1543,1054779,2100,153,48,2,1700
1544,1054779,2100,170,10,1,0
1545,1057710,2100,87,27,1,85000
1546,1057899,2100,79,28,2,0
1547,1057899,2100,67,45,1,30000
1548,1057899,2100,77,3,1,0
1549,1058550,2100,139,37,1,60000
1550,1062921,2100,216,37,2,39000
1551,1062921,2100,200,38,1,25000
1552,1062921,2100,233,4,1,0
1553,1062921,2100,233,2,1,0
1554,1064188,2100,107,18,2,0
1555,1068211,2100,75,68,1,0
1556,1068211,2100,78,64,2,0
1557,1069187,2100,120,50,1,30000
1558,1069187,2100,179,48,2,36000
1559,1069743,2100,11,23,2,9000
1560,1069743,2100,13,23,1,10000
1561,1071591,2100,28,54,2,32200
1562,1073019,2100,93,45,2,45600
1563,1073019,2100,96,48,1,30400
1564,1074207,2100,112,19,1,1000
1565,1074589,2100,255,42,2,42500
1566,1074589,2100,283,25,1,0
1567,1074589,2100,99,53,2,28900
1568,1074589,2100,277,16,2,0
1569,1074589,2100,297,8,2,0
1570,1076965,2100,89,83,1,0
1571,1078974,2100,399,38,2,16800
1572,1078974,2100,420,17,2,0
1573,1078974,2100,420,15,2,0
1574,1078974,2100,448,6,2,0
1575,1078974,2100,339,46,1,10000
1576,1082874,2100,23,59,2,56000
1577,1082874,2100,25,63,1,0
1578,1083063,2100,210,19,1,3000
1579,1084829,2100,84,50,1,9300
1580,1087192,2100,63,36,1,75000
1581,1087192,2100,63,41,2,75000
1582,1087192,2100,68,10,1,0
1583,1087259,2100,101,70,1,0
1584,1087259,2100,104,67,2,0
1585,1088371,2100,85,84,2,0
1586,1090197,2100,115,22,2,18000
1587,1090197,2100,93,48,1,32000
1588,1091984,2100,47,38,1,53000
1589,1092055,2100,127,18,1,290
1590,1093544,2100,86,77,2,0
1591,1093544,2100,107,60,1,0
1592,1097690,2100,254,19,2,1100
1593,1098043,2100,279,60,2,49000
1594,1099958,2100,86,33,2,101000
1595,1099958,2100,109,30,1,97000
1596,1100856,2100,94,55,2,80000
1597,1100856,2100,103,10,1,0
1598,1100856,2100,145,18,1,4800
1599,1102138,2100,97,68,1,90000
1600,1102138,2100,99,67,2,0
1601,1102890,2100,129,20,1,0
1602,1103196,2100,94,61,2,51000
1603,1104133,2100,98,63,2,45000
1604,1104133,2100,99,62,1,0
1605,1106070,2100,109,19,1,0
1606,1106279,2100,462,25,1,0
1607,1107417,2100,61,55,1,137000
1608,1107417,2100,55,48,2,20000
1609,1107417,2100,30,17,2,14800
1610,1107417,2100,66,9,2,0
1611,1107572,2100,83,21,2,5100
1612,1107572,2100,85,21,2,500
1613,1107572,2100,85,21,2,4800
1614,1107572,2100,87,21,2,5000
1615,1107572,2100,205,21,2,2000
1616,1109676,2100,112,59,1,0
1617,1109676,2100,134,52,2,45800
1618,1110318,2100,106,60,2,0
1619,1110385,2100,18,51,1,49000
1620,1110385,2100,20,53,2,35000
1621,1110438,2100,78,70,2,0
1622,1110642,2100,89,73,1,0
1623,1110642,2100,90,69,2,0
1624,1110642,2100,93,38,1,10500
1625,1110654,2100,71,47,1,83000
1626,1110654,2100,62,47,2,42000
1627,1110654,2100,57,17,1,380
1628,1110654,2100,123,17,2,0
1629,1111078,2100,108,47,1,21000
1630,1111078,2100,101,40,2,21200
1631,1111078,2100,128,19,1,4000
1632,1111078,2100,188,16,2,0
1633,1111644,2100,20,27,1,19800
1634,1112190,2100,77,63,2,25300
1635,1112190,2100,48,34,2,0
1636,1112190,2100,28,30,1,15000
1637,1112190,2100,45,7,1,0
1638,1114106,2100,230,19,2,8000
1639,1114106,2100,212,20,1,44000
1640,1114106,2100,186,20,2,2600
1641,1117244,2100,109,64,1,19200
1642,1117244,2100,98,59,2,0
1643,1118019,2100,67,31,2,19000
1644,1118019,2100,170,8,1,0
1645,1118019,2100,208,4,2,0
1646,1119217,2100,25,62,1,0
1647,1119217,2100,21,61,2,0
1648,1119712,2100,120,22,2,13000
1649,1123338,2100,81,54,1,49000
1650,1123338,2100,71,55,2,80000
1651,1123338,2100,62,17,1,1400
1652,1123338,2100,77,13,1,0
1653,1123672,2100,85,89,2,0
1654,1125043,2100,93,41,2,16200
1655,1125043,2100,104,20,1,12000
1656,1125043,2100,112,20,2,1000
1657,1125224,2100,48,34,2,15000
1658,1125224,2100,110,24,1,3000
1659,1128668,2100,145,19,1,0
1660,1129217,2100,76,63,1,52000
1661,1129217,2100,69,58,2,53000
1662,1129478,2100,132,53,2,6500
1663,1129478,2100,101,55,1,0
1664,1131084,2100,61,21,2,4000
1665,1131084,2100,62,22,2,11000
1666,1131084,2100,63,22,2,0
1667,1131535,2100,93,41,1,190000
1668,1131535,2100,89,45,2,0
1669,1131535,2100,113,3,2,0
1670,1135936,2100,22,58,2,0
1671,1135936,2100,25,60,1,0
1672,1138347,2100,22,36,2,60000
1673,1138347,2100,24,4,1,0
1674,1138347,2100,21,43,1,96000
1675,1139538,2100,85,29,1,0
1676,1139538,2100,102,27,2,4800
1677,1139538,2100,99,1,1,0
1678,1141665,2100,96,56,2,24000
1679,1142884,2100,81,62,2,0
1680,1142884,2100,83,60,1,190000
1681,1143047,2100,285,23,1,32000
1682,1143047,2100,239,21,2,400
1683,1143480,2100,73,59,2,48000
1684,1143480,2100,75,61,1,0
1685,1143862,2100,98,21,2,0
1686,1143862,2100,102,21,2,0
1687,1143862,2100,103,21,2,17600
1688,1143862,2100,102,21,2,6700
1689,1145599,2100,105,51,2,38000
1690,1145599,2100,87,18,2,3000
1691,1145599,2100,87,14,1,0
1692,1146450,2100,201,22,1,0
1693,1146450,2100,218,24,1,0
1694,1146450,2100,219,22,1,40000
1695,1146450,2100,241,20,1,0
1696,1151802,2100,50,34,1,68000
1697,1151802,2100,62,39,1,32000
1698,1152550,2100,108,47,1,40000
1699,1152550,2100,101,44,2,40000
1700,1152550,2100,128,18,1,6200
1701,1152550,2100,88,15,1,0
1702,1156207,2100,87,37,1,48000
1703,1156207,2100,97,36,2,20000
1704,1156207,2100,67,10,2,0
1705,1156207,2100,67,6,2,0
1706,1156207,2100,88,35,1,20000
1707,1159902,2100,17,59,1,80000
1708,1159902,2100,25,57,2,0
1709,1168985,2100,99,61,2,6400
1710,1170064,2100,131,21,1,4000
1711,1170092,2100,20,69,2,0
1712,1171006,2100,85,84,2,0
1713,1171353,2100,950,19,2,200
1714,1173690,2100,122,18,2,2200
1715,1175179,2100,95,79,1,0
1716,1175247,2100,159,35,2,20000
1717,1175247,2100,491,20,2,0
1718,1175247,2100,453,15,2,0
1719,1176163,2100,58,80,2,0
1720,1178248,2100,52,57,1,25000
1721,1178248,2100,63,54,2,0
1722,1178248,2100,46,26,1,9000
1723,1178248,2100,54,8,1,0
1724,1179579,2100,104,29,1,0
1725,1179579,2100,125,26,2,35000
1726,1179795,2100,67,39,2,160000
1727,1179795,2100,60,43,1,0
1728,1179795,2100,70,12,1,0
1729,1179795,2100,82,10,2,0
1730,1184428,2100,20,76,2,0
1731,1184428,2100,24,57,2,27800
1732,1189899,2100,91,49,1,205000
1733,1191658,2100,79,25,2,14000
1734,1191658,2100,73,8,1,0
1735,1191658,2100,62,23,1,13000
1736,1193677,2100,121,53,1,115000
1737,1193677,2100,103,58,2,12000
1738,1195218,2100,168,32,2,28000
1739,1195888,2100,112,20,1,200
1740,1197177,2100,74,28,2,35000
1741,1199221,2100,94,44,2,48000
1742,1199221,2100,120,11,2,0
1743,1199221,2100,119,10,2,0
1744,1199221,2100,103,9,1,0
1745,1202900,2100,95,20,1,7500
1746,1202900,2100,98,20,1,4000
1747,1202900,2100,100,20,1,6700
1748,1204593,2100,75,36,1,0
1749,1204593,2100,75,36,2,0
1750,1204593,2100,94,7,2,0
1751,1204593,2100,91,3,2,0
1752,1205379,2100,105,47,1,42900
1753,1205379,2100,84,33,2,0
1754,1206466,2100,25,45,1,66000
1755,1206466,2100,23,41,2,0
1756,1206466,2100,31,19,1,4200
1757,1206466,2100,21,17,1,0
1758,1206466,2100,21,15,1,0
1759,1206466,2100,31,12,2,0
1760,1207480,2100,21,66,1,95000
1761,1207480,2100,22,58,2,0
1762,1208571,2100,94,25,1,50000
1763,1209569,2100,334,37,2,32000
1764,1209569,2100,300,34,2,60000
1765,1209988,2100,43,33,1,38500
1766,1209988,2100,71,33,2,48600
1767,1209988,2100,94,0,2,0
1768,1209988,2100,94,0,1,0
1769,1216968,2100,23,65,1,0
1770,1216968,2100,25,64,2,5000
1771,1219640,2100,202,31,2,3500
1772,1219756,2100,273,71,2,0
1773,1219861,2100,97,72,1,0
1774,1219861,2100,88,49,2,35000
1775,1219861,2100,40,32,2,20600
1776,1219861,2100,95,16,1,0
1777,1220024,2100,77,22,1,28000
1778,1220422,2100,75,71,2,0
1779,1220422,2100,65,89,1,0
1780,1220893,2100,101,40,2,38000
1781,1220893,2100,167,19,2,3300
1782,1220893,2100,157,18,1,3000
1783,1220893,2100,191,2,1,0
1784,1222503,2100,70,26,1,35000
1785,1222503,2100,81,3,1,0
1786,1222503,2100,84,26,2,40000
1787,1225172,2100,122,79,2,0
1788,1225172,2100,49,50,2,33100
1789,1225172,2100,149,21,2,4500
1790,1225305,2100,177,22,1,10000
1791,1225305,2100,184,22,1,4000
1792,1226004,2100,125,20,2,0
1793,1226701,2100,69,47,1,0
1794,1230931,2100,154,51,2,44000
1795,1230931,2100,148,18,1,0
1796,1231935,2100,40,32,1,90000
1797,1231935,2100,68,31,2,0
1798,1231935,2100,90,1,1,0
1799,1232451,2100,88,75,1,0
1800,1232451,2100,91,73,2,0
1801,1236693,2100,95,80,2,0
1802,1236693,2100,89,81,1,0
1803,1237681,2100,20,40,1,0
1804,1237681,2100,19,16,1,0
1805,1237681,2100,23,12,1,0
1806,1238165,2100,79,21,2,11600
1807,1238165,2100,81,22,2,13000
1808,1238165,2100,81,22,2,3000
1809,1238165,2100,82,21,2,10000
1810,1238794,2100,82,94,2,0
1811,1238915,2100,100,19,2,0
1812,1240587,2100,88,63,1,150000
1813,1240587,2100,79,63,2,70000
1814,1241485,2100,313,25,1,16900
1815,1241485,2100,376,25,2,53000
1816,1241886,2100,66,45,2,5600
1817,1241886,2100,69,24,1,3300
1818,1241886,2100,85,25,2,12500
1819,1243295,2100,36,31,1,22000
1820,1244759,2100,104,57,2,55000
1821,1245105,2100,27,30,1,30000
1822,1245105,2100,26,29,2,3000
1823,1245105,2100,25,1,1,0
1824,1245105,2100,25,6,1,0
1825,1248284,2100,65,37,1,0
1826,1248329,2100,52,41,1,85000
1827,1248329,2100,75,43,2,8000
1828,1248329,2100,68,14,1,0
1829,1248329,2100,89,4,1,0
1830,1248816,2100,19,30,2,20000
1831,1248816,2100,21,40,1,16500
1832,1258065,2100,15,58,1,0
1833,1258065,2100,15,59,2,60000
1834,1259079,2100,109,50,2,52000
1835,1259079,2100,87,54,1,40000
1836,1263287,2100,138,19,2,350
1837,1263651,2100,52,22,2,20000
1838,1269270,2100,157,26,2,28000
1839,1269270,2100,115,24,2,32000
1840,1269921,2100,91,71,2,0
1841,1269921,2100,78,75,1,0
1842,1270072,2100,93,41,2,4000
1843,1272470,2100,85,20,1,510
1844,1272470,2100,89,20,1,0
1845,1275969,2100,49,34,1,22000
1846,1276481,2100,120,33,1,60000
1847,1276481,2100,56,32,2,9000
1848,1276481,2100,179,2,2,0
1849,1276481,2100,120,36,1,0
1850,1277736,2100,27,33,1,75000
1851,1277736,2100,86,61,2,22100
1852,1279218,2100,22,82,1,0
1853,1279218,2100,20,81,2,0
1854,1281388,2100,107,70,2,21400
1855,1281388,2100,114,41,2,9900
1856,1283646,2100,51,42,1,58000
1857,1283646,2100,41,15,1,0
1858,1283646,2100,49,39,1,11000
1859,1284742,2100,55,41,1,500
1860,1284742,2100,80,43,2,500
1861,1284742,2100,43,17,2,0
1862,1284742,2100,73,8,1,0
1863,1286142,2100,96,73,2,0
1864,1287772,2100,81,27,2,600
1865,1287772,2100,63,26,1,5000
1866,1287772,2100,72,6,1,0
1867,1288241,2100,84,53,2,16000
1868,1288241,2100,53,20,2,0
1869,1288241,2100,95,19,1,460
1870,1288241,2100,101,2,2,0
1871,1288241,2100,81,33,2,32000
1872,1288241,2100,47,32,1,36000
1873,1288241,2100,94,21,1,6000
1874,1290838,2100,97,43,2,28000
1875,1290838,2100,103,18,2,12000
1876,1290838,2100,91,43,1,40000
1877,1292660,2100,124,46,1,62000
1878,1292660,2100,108,46,2,88000
1879,1292660,2100,123,13,1,0
1880,1292660,2100,125,9,1,0
1881,1292660,2100,139,4,2,0
1882,1292660,2100,128,3,1,0
1883,1292660,2100,138,25,2,1600
1884,1295744,2100,82,58,2,60000
1885,1295744,2100,71,72,1,0
1886,1295904,2100,92,58,2,18000
1887,1296365,2100,102,46,1,0
1888,1296365,2100,89,46,2,36000
1889,1299793,2100,72,22,1,1000
1890,1299793,2100,118,24,1,0
1891,1299793,2100,117,22,1,0
1892,1299793,2100,73,20,1,0
1893,1300359,2100,104,47,2,85000
1894,1300558,2100,342,39,2,1800
1895,1300558,2100,318,40,1,0
1896,1300558,2100,289,16,1,0
1897,1300558,2100,420,13,2,0
1898,1303415,2100,67,27,1,20100
1899,1305486,2100,16,44,1,35000
1900,1305486,2100,16,43,2,38000
1901,1305486,2100,15,23,2,13000
1902,1305486,2100,29,17,2,0
1903,1307077,2100,92,61,1,78000
1904,1307077,2100,84,61,2,46000
1905,1311096,2100,181,52,2,46000
1906,1311096,2100,186,50,2,0
1907,1311354,2100,25,74,2,19700
1908,1312517,2100,81,52,1,166000
1909,1312517,2100,67,49,2,35000
1910,1312517,2100,58,23,2,0
1911,1313727,2100,101,20,1,2800
1912,1315484,2100,89,68,1,88000
1913,1315484,2100,91,66,2,0
1914,1315484,2100,111,34,1,2800
1915,1317115,2100,129,22,1,900
1916,1319457,2100,14,85,2,0
1917,1319719,2100,19,81,1,0
1918,1319719,2100,19,76,2,0
1919,1319719,2100,23,45,1,0
1920,1325810,2100,104,53,1,87000
1921,1326636,2100,107,60,1,0
1922,1326636,2100,95,60,2,0
1923,1327008,2100,27,58,1,5200
1924,1327008,2100,24,58,2,34000
1925,1327072,2100,94,23,2,0
1926,1327072,2100,99,22,2,5000
1927,1327165,2100,116,18,2,0
1928,1327528,2100,88,27,1,36300
1929,1327528,2100,90,25,1,32200
1930,1328932,2100,126,18,1,7000
1931,1329609,2100,83,43,1,53000
1932,1329667,2100,104,44,1,20000
1933,1329830,2100,115,32,1,64000
1934,1329830,2100,96,38,2,8000
1935,1330120,2100,92,71,2,8200
1936,1330120,2100,93,48,2,1400
1937,1331314,2100,96,65,2,0
1938,1331314,2100,99,38,1,11700
1939,1332995,2100,28,50,1,55000
1940,1332995,2100,31,52,2,25000
1941,1333828,2100,76,56,1,108000
1942,1333828,2100,69,56,2,47000
1943,1334807,2100,109,50,2,38000
1944,1334807,2100,82,46,1,65000
1945,1334807,2100,69,15,1,0
1946,1336716,2100,23,70,2,0
1947,1336716,2100,20,72,1,0
1948,1338868,2100,112,18,1,2000
1949,1340279,2100,13,33,2,0
1950,1340279,2100,16,51,1,6300
1951,1340279,2100,12,16,1,40
1952,1340279,2100,16,11,1,0
1953,1340279,2100,17,10,2,0
1954,1340279,2100,17,3,1,0
1955,1341345,2100,23,59,1,0
1956,1342919,2100,17,48,1,0
1957,1342919,2100,15,49,2,38000
1958,1343023,2100,66,77,1,0
1959,1343023,2100,70,72,2,6000
1960,1344946,2100,60,94,2,0
1961,1345497,2100,62,84,2,0
1962,1347158,2100,31,18,2,20000
1963,1348629,2100,70,81,1,0
1964,1348629,2100,68,76,2,0
1965,1349428,2100,137,19,2,2000
1966,1349988,2100,86,51,2,300
1967,1349988,2100,100,19,1,0
1968,1349988,2100,106,20,2,0
1969,1350187,2100,93,78,1,0
1970,1350187,2100,97,72,2,0
1971,1351497,2100,88,47,2,0
1972,1351497,2100,79,24,2,0
1973,1351497,2100,106,2,1,0
1974,1352019,2100,107,20,1,700
1975,1355675,2100,28,34,1,29000
1976,1355675,2100,22,33,2,19400
1977,1355675,2100,31,6,2,0
1978,1355675,2100,31,5,2,0
1979,1355925,2100,74,66,2,0
1980,1355925,2100,66,67,1,0
1981,1357004,2100,19,88,1,0
1982,1357325,2100,102,77,1,0
1983,1357325,2100,114,42,1,0
1984,1357325,2100,110,22,1,28800
1985,1357325,2100,97,20,2,11700
1986,1357325,2100,129,2,1,0
1987,1358278,2100,107,30,1,0
1988,1358409,2100,68,83,1,0
1989,1358409,2100,66,81,2,0
1990,1358684,2100,72,22,2,1000
1991,1358684,2100,43,19,2,1100
1992,1359358,2100,20,84,2,0
1993,1359364,2100,117,28,2,30000
1994,1359364,2100,123,12,2,0
1995,1359364,2100,119,0,2,0
1996,1359364,2100,112,30,1,4000
1997,1362845,2100,22,38,2,45000
1998,1362845,2100,24,10,1,0
1999,1362845,2100,28,8,2,0
2000,1363001,2100,118,50,2,0
2001,1364192,2100,13,26,1,35000
2002,1364245,2100,69,38,1,160000
2003,1364245,2100,70,39,2,55000
2004,1364245,2100,75,11,1,0
2005,1364245,2100,75,8,1,0
2006,1364245,2100,84,3,2,0
2007,1364908,2100,192,20,2,2000
2008,1365048,2100,104,53,2,19000
2009,1365048,2100,80,55,1,30000
2010,1365048,2100,73,29,1,10000
2011,1365048,2100,68,34,2,1000
2012,1365048,2100,96,14,2,0
2013,1370754,2100,69,61,2,50000
2014,1375308,2100,99,25,1,35000
2015,1375308,2100,103,23,1,13000
2016,1375308,2100,101,23,1,20000
2017,1376280,2100,131,19,2,2000
2018,1378342,2100,24,47,1,24000
2019,1378342,2100,21,38,2,28000
2020,1378342,2100,28,12,2,0
2021,1378342,2100,28,19,1,4000
2022,1378342,2100,23,12,1,0
2023,1378432,2100,91,90,1,0
2024,1378432,2100,76,81,2,0
2025,1378572,2100,66,41,1,0
2026,1378572,2100,65,37,2,155000
2027,1378572,2100,72,3,1,0
2028,1378572,2100,71,11,1,0
2029,1378572,2100,71,9,1,0
2030,1382831,2100,17,58,2,6700
2031,1382831,2100,13,76,1,0
2032,1382831,2100,19,33,1,6100
2033,1382841,2100,119,58,1,0
2034,1382841,2100,143,53,2,0
2035,1388083,2100,20,74,1,0
2036,1388083,2100,28,51,2,0
2037,1389248,2100,127,57,1,39000
2038,1389248,2100,114,57,2,225000
2039,1395178,2100,119,18,1,0
2040,1396290,2100,231,34,2,81000
2041,1396772,2100,96,63,1,0
2042,1396772,2100,87,49,2,10300
2043,1397347,2100,254,19,1,100
2044,1400591,2100,66,42,2,0
2045,1400687,2100,107,22,1,370
2046,1400871,2100,104,54,1,0
2047,1400871,2100,91,25,1,23000
2048,1400920,2100,81,18,1,0
2049,1400920,2100,66,18,2,42100
2050,1405553,2100,83,90,2,0
2051,1409895,2100,16,62,1,0
2052,1409895,2100,13,90,2,0
2053,1411435,2100,140,19,2,500
2054,1411720,2100,137,19,2,3000
2055,1412890,2100,42,19,2,300
2056,1412890,2100,43,20,2,250
2057,1412890,2100,43,20,2,0
2058,1412890,2100,43,19,2,0
2059,1412974,2100,101,20,2,2500
2060,1413366,2100,20,74,1,44800
2061,1413366,2100,21,64,2,0
2062,1413972,2100,82,61,1,142000
2063,1413972,2100,75,61,2,11500
